date,adj_close,,
11/07/2025,551.97,,
11/06/2025,553.28,,
11/05/2025,553.31,,
11/04/2025,552.75,,
11/03/2025,544.07,,
10/31/2025,551.99,,
10/30/2025,553.68,,
10/29/2025,554.58,,
10/28/2025,565.93,,
10/27/2025,572.36,,
10/24/2025,573.67,,
10/23/2025,573.77,,
10/22/2025,571.36,,
10/21/2025,572.03,,
10/20/2025,566.36,,
10/17/2025,560.97,,
10/16/2025,549.88,,
10/15/2025,562.81,,
10/14/2025,567.92,,
10/13/2025,559.24,,
10/10/2025,557.48,,
10/09/2025,564.55,,
10/08/2025,576.44,,
10/07/2025,579.84,,
10/06/2025,578.81,,
10/03/2025,580.45,,
10/02/2025,577.33,,
10/01/2025,573.77,,
09/30/2025,568.81,,
09/29/2025,568.14,,
09/26/2025,565.13,,
09/25/2025,567.3,,
09/24/2025,568.81,,
09/23/2025,569.97,,
09/22/2025,584.49,,
09/19/2025,584.16,,
09/18/2025,586.05,,
09/17/2025,598.63,,
09/16/2025,586.42,,
09/15/2025,582.96,,
09/12/2025,580.41,,
09/11/2025,588.73,,
09/10/2025,579.38,,
09/09/2025,584,,
09/08/2025,586.6,,
09/05/2025,584.22,,
09/04/2025,595.64,,
09/03/2025,593.28,,
09/02/2025,591.87,,
08/29/2025,595.29,,
08/28/2025,590.48,,
08/27/2025,590.66,,
08/26/2025,591.61,,
08/25/2025,593.21,,
08/22/2025,598.96,,
08/21/2025,591.92,,
08/20/2025,592.68,,
08/19/2025,585.51,,
08/18/2025,584.14,,
08/15/2025,581.7,,
08/14/2025,583.76,,
08/13/2025,577.9,,
08/12/2025,574.18,,
08/11/2025,573.59,,
08/08/2025,574.32,,
08/07/2025,561.22,,
08/06/2025,569.13,,
08/05/2025,566.04,,
08/04/2025,569.81,,
08/01/2025,559.89,,
07/31/2025,566.47,,
07/30/2025,559.11,,
07/29/2025,563.32,,
07/28/2025,568.28,,
07/25/2025,568.22,,
07/24/2025,563.5,,
07/23/2025,562.09,,
07/22/2025,558.76,,
07/21/2025,554.65,,
07/18/2025,552.66,,
07/17/2025,555.61,,
07/16/2025,555.52,,
07/15/2025,550.36,,
07/14/2025,553.02,,
07/11/2025,550.18,,
07/10/2025,563.52,,
07/09/2025,565.11,,
07/08/2025,562.44,,
07/07/2025,565.12,,
07/03/2025,569.24,,
07/02/2025,561.52,,
07/01/2025,564.61,,
06/30/2025,561.94,,
06/27/2025,550.32,,
06/26/2025,545.81,,
06/25/2025,549.7,,
06/24/2025,557.53,,
06/23/2025,542.35,,
06/20/2025,532.97,,
06/18/2025,538.73,,
06/17/2025,569.45,,
06/16/2025,568.67,,
06/13/2025,562.03,,
06/12/2025,589.28,,
06/11/2025,590.74,,
06/10/2025,589.54,,
06/09/2025,584.33,,
06/06/2025,590.12,,
06/05/2025,585.44,,
06/04/2025,584.13,,
06/03/2025,581.97,,
06/02/2025,581.22,,
05/30/2025,585.6,,
05/29/2025,577.78,,
05/28/2025,575.92,,
05/27/2025,574.55,,
05/23/2025,563.58,,
05/22/2025,570.14,,
05/21/2025,569.54,,
05/20/2025,581.11,,
05/19/2025,586.41,,
05/16/2025,583.28,,
05/15/2025,582.2,,
05/14/2025,573.28,,
05/13/2025,576.59,,
05/12/2025,578.27,,
05/09/2025,568.64,,
05/08/2025,567.12,,
05/07/2025,566.33,,
05/06/2025,558.99,,
05/05/2025,561.12,,
05/02/2025,559.39,,
05/01/2025,546.63,,
04/30/2025,548.06,,
04/29/2025,539.68,,
04/28/2025,534.49,,
04/25/2025,533.48,,
04/24/2025,535.46,,
04/23/2025,530.01,,
04/22/2025,527.33,,
04/21/2025,509.32,,
04/17/2025,517.33,,
04/16/2025,513.43,,
04/15/2025,517.38,,
04/14/2025,512.46,,
04/11/2025,509.75,,
04/10/2025,499.34,,
04/09/2025,515.43,,
04/08/2025,479.92,,
04/07/2025,485.52,,
04/04/2025,489.77,,
04/03/2025,530.55,,
04/02/2025,547.38,,
04/01/2025,548.51,,
03/31/2025,548.12,,
03/28/2025,540.61,,
03/27/2025,557.57,,
03/26/2025,549.07,,
03/25/2025,545.16,,
03/24/2025,543.67,,
03/21/2025,535.69,,
03/20/2025,536.38,,
03/19/2025,536.09,,
03/18/2025,530.19,,
03/17/2025,531.99,,
03/14/2025,527.64,,
03/13/2025,519.83,,
03/12/2025,524.64,,
03/11/2025,525.8,,
03/10/2025,537.12,,
03/07/2025,546.77,,
03/06/2025,549.82,,
03/05/2025,558.3,,
03/04/2025,555.07,,
03/03/2025,574.92,,
02/28/2025,576.31,,
02/27/2025,564.82,,
02/26/2025,561.27,,
02/25/2025,564.03,,
02/24/2025,559,,
02/21/2025,557.51,,
02/20/2025,563.28,,
02/19/2025,568.5,,
02/18/2025,568.61,,
02/14/2025,564.76,,
02/13/2025,566.31,,
02/12/2025,564.6,,
02/11/2025,564.7,,
02/10/2025,565.49,,
02/07/2025,562.75,,
02/06/2025,567.16,,
02/05/2025,566.29,,
02/04/2025,559.11,,
02/03/2025,563.95,,
01/31/2025,555.43,,
01/30/2025,566.01,,
01/29/2025,548.8,,
01/28/2025,547.36,,
01/27/2025,547.64,,
01/24/2025,533.49,,
01/23/2025,534.22,,
01/22/2025,527.18,,
01/21/2025,528.06,,
01/17/2025,524.7,,
01/16/2025,523.14,,
01/15/2025,522.35,,
01/14/2025,509.02,,
01/13/2025,504.91,,
01/10/2025,504.67,,
01/08/2025,516.4,,
01/07/2025,511.4,,
01/06/2025,511.93,,
01/03/2025,521.36,,
01/02/2025,522.4,,
12/31/2024,526.57,,
12/30/2024,525.55,,
12/27/2024,532.2,,
12/26/2024,536.15,,
12/24/2024,535.71,,
12/23/2024,528.96,,
12/20/2024,528.03,,
12/19/2024,523.28,,
12/18/2024,519.96,,
12/17/2024,531.01,,
12/16/2024,530.31,,
12/13/2024,529,,
12/12/2024,532.41,,
12/11/2024,534.45,,
12/10/2024,529.01,,
12/09/2024,522.82,,
12/06/2024,528.57,,
12/05/2024,524.77,,
12/04/2024,521.14,,
12/03/2024,526.18,,
12/02/2024,531.36,,
11/29/2024,532.94,,
11/27/2024,532.38,,
11/26/2024,528.48,,
11/25/2024,526.6,,
11/22/2024,520.86,,
11/21/2024,515.1,,
11/20/2024,512.54,,
11/19/2024,519.46,,
11/18/2024,521.63,,
11/15/2024,521.89,,
11/14/2024,520.4,,
11/13/2024,521.88,,
11/12/2024,529.17,,
11/11/2024,530.12,,
11/08/2024,524.76,,
11/07/2024,517.88,,
11/06/2024,521.13,,
11/05/2024,505.56,,
11/04/2024,505.58,,
11/01/2024,508.08,,
10/31/2024,499.59,,
10/30/2024,513.69,,
10/29/2024,506.28,,
10/28/2024,508.21,,
10/25/2024,507.36,,
10/24/2024,510.62,,
10/23/2024,513.73,,
10/22/2024,513.02,,
10/21/2024,515.01,,
10/18/2024,516.34,,
10/17/2024,513.76,,
10/16/2024,514.07,,
10/15/2024,507.23,,
10/14/2024,506.66,,
10/11/2024,502.26,,
10/10/2024,498.02,,
10/09/2024,499.95,,
10/08/2024,497.06,,
10/07/2024,491.3,,
10/04/2024,497.7,,
10/03/2024,494.97,,
10/02/2024,495.57,,
10/01/2024,496.38,,
09/30/2024,493.8,,
09/27/2024,493.64,,
09/26/2024,491.27,,
09/25/2024,489.45,,
09/24/2024,487.41,,
09/23/2024,497.14,,
09/20/2024,492.74,,
09/19/2024,493.01,,
09/18/2024,494.76,,
09/17/2024,500.99,,
09/16/2024,497.71,,
09/13/2024,493.36,,
09/12/2024,492.11,,
09/11/2024,488.18,,
09/10/2024,488.02,,
09/09/2024,487.09,,
09/06/2024,476.12,,
09/05/2024,477.36,,
09/04/2024,483.14,,
09/03/2024,482.12,,
08/30/2024,483.34,,
08/29/2024,480.8,,
08/28/2024,471.8,,
08/27/2024,474.99,,
08/26/2024,468.64,,
08/23/2024,466.44,,
08/22/2024,468.82,,
08/21/2024,468,,
08/20/2024,469.12,,
08/19/2024,466.98,,
08/16/2024,468.88,,
08/15/2024,468.71,,
08/14/2024,460.16,,
08/13/2024,459.36,,
08/12/2024,455.69,,
08/09/2024,456.78,,
08/08/2024,455.58,,
08/07/2024,449.84,,
08/06/2024,448.3,,
08/05/2024,442,,
08/02/2024,462.02,,
08/01/2024,462.41,,
07/31/2024,463.71,,
07/30/2024,447.45,,
07/29/2024,441.3,,
07/26/2024,438.18,,
07/25/2024,429.6,,
07/24/2024,432.45,,
07/23/2024,441.72,,
07/22/2024,447.94,,
07/19/2024,443.69,,
07/18/2024,448.72,,
07/17/2024,451.16,,
07/16/2024,443.53,,
07/15/2024,444,,
07/12/2024,440.11,,
07/11/2024,436.42,,
07/10/2024,433.64,,
07/09/2024,444.7,,
07/08/2024,446.24,,
07/05/2024,449.49,,
07/03/2024,448.18,,
07/02/2024,444.65,,
07/01/2024,437.61,,
06/28/2024,441.16,,
06/27/2024,442.75,,
06/26/2024,452.38,,
06/25/2024,455.65,,
06/24/2024,456.96,,
06/21/2024,454.85,,
06/20/2024,452.51,,
06/18/2024,450.11,,
06/17/2024,448.11,,
06/14/2024,444.63,,
06/13/2024,445,,
06/12/2024,443,,
06/11/2024,449.04,,
06/10/2024,449.25,,
06/07/2024,449.79,,
06/06/2024,448.68,,
06/05/2024,446.66,,
06/04/2024,444.77,,
06/03/2024,443.19,,
05/31/2024,447.07,,
05/30/2024,442.1,,
05/29/2024,442.47,,
05/28/2024,445.08,,
05/24/2024,451.18,,
05/23/2024,451.21,,
05/22/2024,456.52,,
05/21/2024,459.1,,
05/20/2024,459.66,,
05/17/2024,460.27,,
05/16/2024,458.87,,
05/15/2024,458,,
05/14/2024,454.2,,
05/13/2024,457.76,,
05/10/2024,456.98,,
05/09/2024,455.49,,
05/08/2024,454.77,,
05/07/2024,453.06,,
05/06/2024,449.37,,
05/03/2024,443.58,,
05/02/2024,441.1,,
05/01/2024,442.07,,
04/30/2024,451.2,,
04/29/2024,457.1,,
04/26/2024,462.42,,
04/25/2024,462.11,,
04/24/2024,462.5,,
04/23/2024,462.82,,
04/22/2024,456.75,,
04/19/2024,455.39,,
04/18/2024,454.7,,
04/17/2024,460.16,,
04/16/2024,459.82,,
04/15/2024,459.79,,
04/12/2024,465.38,,
04/11/2024,468.31,,
04/10/2024,469.17,,
04/09/2024,472.16,,
04/08/2024,478.85,,
04/05/2024,477.15,,
04/04/2024,469.77,,
04/03/2024,477.42,,
04/02/2024,479.43,,
04/01/2024,478.4,,
03/28/2024,481.57,,
03/27/2024,477.95,,
03/26/2024,476.8,,
03/25/2024,476.04,,
03/22/2024,481.67,,
03/21/2024,488.64,,
03/20/2024,488.04,,
03/19/2024,484,,
03/18/2024,478.89,,
03/15/2024,475.83,,
03/14/2024,479.48,,
03/13/2024,475.61,,
03/12/2024,472.87,,
03/11/2024,469.16,,
03/08/2024,469.26,,
03/07/2024,467.54,,
03/06/2024,471.6,,
03/05/2024,467.52,,
03/04/2024,468.49,,
03/01/2024,476.63,,
02/29/2024,474.76,,
02/28/2024,478.85,,
02/27/2024,474.75,,
02/26/2024,474.51,,
02/23/2024,473.42,,
02/22/2024,471.56,,
02/21/2024,459.05,,
02/20/2024,451.75,,
02/16/2024,468.13,,
02/15/2024,471.28,,
02/14/2024,465.19,,
02/13/2024,460.46,,
02/12/2024,458.71,,
02/09/2024,457.88,,
02/08/2024,458.26,,
02/07/2024,461.91,,
02/06/2024,460.5,,
02/05/2024,456.76,,
02/02/2024,460.58,,
02/01/2024,460.92,,
01/31/2024,449.23,,
01/30/2024,445.19,,
01/29/2024,440.58,,
01/26/2024,438.53,,
01/25/2024,436.8,,
01/24/2024,438.7,,
01/23/2024,438.76,,
01/22/2024,439.75,,
01/19/2024,436.78,,
01/18/2024,430.72,,
01/17/2024,427.42,,
01/16/2024,428.35,,
01/12/2024,429.1,,
01/11/2024,426.72,,
01/10/2024,428.27,,
01/09/2024,422.6,,
01/08/2024,421.98,,
01/05/2024,419.42,,
01/04/2024,419.77,,
01/03/2024,418.77,,
01/02/2024,421.89,,
12/29/2023,426.51,,
12/28/2023,426.32,,
12/27/2023,424.36,,
12/26/2023,423.67,,
12/22/2023,424.1,,
12/21/2023,423.44,,
12/20/2023,419.45,,
12/19/2023,425.47,,
12/18/2023,424.43,,
12/15/2023,418.57,,
12/14/2023,418.56,,
12/13/2023,424.68,,
12/12/2023,420.75,,
12/11/2023,415.71,,
12/08/2023,412.16,,
12/07/2023,413.15,,
12/06/2023,410.38,,
12/05/2023,408.69,,
12/04/2023,408.23,,
12/01/2023,414.36,,
11/30/2023,413.83,,
11/29/2023,409.82,,
11/28/2023,409.01,,
11/27/2023,408.97,,
11/24/2023,412.5,,
11/22/2023,410.33,,
11/21/2023,408.95,,
11/20/2023,404.4,,
11/17/2023,400.3,,
11/16/2023,397.1,,
11/15/2023,396.83,,
11/14/2023,397.65,,
11/13/2023,394.35,,
11/10/2023,394.38,,
11/09/2023,387.96,,
11/08/2023,389.7,,
11/07/2023,388.87,,
11/06/2023,386.16,,
11/03/2023,386.05,,
11/02/2023,382.69,,
11/01/2023,377.82,,
10/31/2023,376.35,,
10/30/2023,372.42,,
10/27/2023,364.08,,
10/26/2023,364.59,,
10/25/2023,386.31,,
10/24/2023,386.91,,
10/23/2023,383.67,,
10/20/2023,384.41,,
10/19/2023,387.87,,
10/18/2023,393.21,,
10/17/2023,401.77,,
10/16/2023,401.16,,
10/13/2023,398.03,,
10/12/2023,399.9,,
10/11/2023,399.81,,
10/10/2023,400.37,,
10/09/2023,394.74,,
10/06/2023,397.97,,
10/05/2023,394.2,,
10/04/2023,393.76,,
10/03/2023,391.06,,
10/02/2023,395.85,,
09/29/2023,395.91,,
09/28/2023,399.44,,
09/27/2023,395.48,,
09/26/2023,395.38,,
09/25/2023,402.49,,
09/22/2023,402.22,,
09/21/2023,403.36,,
09/20/2023,410.52,,
09/19/2023,413.53,,
09/18/2023,417.13,,
09/15/2023,414.31,,
09/14/2023,413.34,,
09/13/2023,416.3,,
09/12/2023,416.27,,
09/11/2023,416.69,,
09/08/2023,414.84,,
09/07/2023,414.62,,
09/06/2023,413.18,,
09/05/2023,411.5,,
09/01/2023,415.57,,
08/31/2023,412.64,,
08/30/2023,413.91,,
08/29/2023,411.65,,
08/28/2023,407.44,,
08/25/2023,402.89,,
08/24/2023,397.67,,
08/23/2023,401.06,,
08/22/2023,397.84,,
08/21/2023,393.2,,
08/18/2023,392.17,,
08/17/2023,392.62,,
08/16/2023,394.37,,
08/15/2023,394.45,,
08/14/2023,398.58,,
08/11/2023,394.98,,
08/10/2023,397.14,,
08/09/2023,393.67,,
08/08/2023,393.19,,
08/07/2023,396.87,,
08/04/2023,391.35,,
08/03/2023,393.01,,
08/02/2023,390.02,,
08/01/2023,397.07,,
07/31/2023,394.28,,
07/28/2023,392.96,,
07/27/2023,394.5,,
07/26/2023,402.41,,
07/25/2023,401.28,,
07/24/2023,404.79,,
07/21/2023,397.49,,
07/20/2023,398.06,,
07/19/2023,398.27,,
07/18/2023,398.16,,
07/17/2023,402.2,,
07/14/2023,402.51,,
07/13/2023,400.56,,
07/12/2023,400.69,,
07/11/2023,397.8,,
07/10/2023,392.16,,
07/07/2023,388.68,,
07/06/2023,393.14,,
07/05/2023,394.73,,
07/03/2023,393.96,,
06/30/2023,393.3,,
06/29/2023,387.67,,
06/28/2023,380.23,,
06/27/2023,381.79,,
06/26/2023,377.42,,
06/23/2023,379.81,,
06/22/2023,377.8,,
06/21/2023,376.14,,
06/20/2023,374.62,,
06/16/2023,376.53,,
06/15/2023,379.04,,
06/14/2023,374.76,,
06/13/2023,371.38,,
06/12/2023,375.31,,
06/09/2023,369.22,,
06/08/2023,367.59,,
06/07/2023,371.39,,
06/06/2023,379.96,,
06/05/2023,370.52,,
06/02/2023,373.73,,
06/01/2023,370.88,,
05/31/2023,365.02,,
05/30/2023,367.5,,
05/26/2023,374.37,,
05/25/2023,370.04,,
05/24/2023,368.5,,
05/23/2023,373.75,,
05/22/2023,384.53,,
05/19/2023,385.57,,
05/18/2023,392.02,,
05/17/2023,387,,
05/16/2023,380.24,,
05/15/2023,383.41,,
05/12/2023,381.92,,
05/11/2023,383.39,,
05/10/2023,382.54,,
05/09/2023,382.94,,
05/08/2023,385.51,,
05/05/2023,384.66,,
05/04/2023,376.12,,
05/03/2023,374.9,,
05/02/2023,376.03,,
05/01/2023,379.86,,
04/28/2023,380.03,,
04/27/2023,373.67,,
04/26/2023,366.76,,
04/25/2023,368.53,,
04/24/2023,374.73,,
04/21/2023,375.24,,
04/20/2023,375,,
04/19/2023,372.8,,
04/18/2023,372.32,,
04/17/2023,372.76,,
04/14/2023,372.43,,
04/13/2023,369.65,,
04/12/2023,361.78,,
04/11/2023,364.13,,
04/10/2023,360.14,,
04/06/2023,361.47,,
04/05/2023,363.79,,
04/04/2023,363.9,,
04/03/2023,366.47,,
03/31/2023,363.41,,
03/30/2023,359.26,,
03/29/2023,359.53,,
03/28/2023,354.33,,
03/27/2023,354.62,,
03/24/2023,351.63,,
03/23/2023,354.37,,
03/22/2023,351.03,,
03/21/2023,354.57,,
03/20/2023,349.32,,
03/17/2023,349.66,,
03/16/2023,348,,
03/15/2023,348.08,,
03/14/2023,352.82,,
03/13/2023,344.71,,
03/10/2023,347.11,,
03/09/2023,354.44,,
03/08/2023,359.03,,
03/07/2023,359.94,,
03/06/2023,366.93,,
03/03/2023,361.5,,
03/02/2023,355.57,,
03/01/2023,353.5,,
02/28/2023,355.29,,
02/27/2023,355.48,,
02/24/2023,353.12,,
02/23/2023,355.53,,
02/22/2023,354.97,,
02/21/2023,355.96,,
02/17/2023,361.13,,
02/16/2023,367.55,,
02/15/2023,369.64,,
02/14/2023,369.96,,
02/13/2023,370.83,,
02/10/2023,366.83,,
02/09/2023,370.42,,
02/08/2023,370.35,,
02/07/2023,375.06,,
02/06/2023,372.97,,
02/03/2023,373.91,,
02/02/2023,374.94,,
02/01/2023,374.08,,
01/31/2023,370.6,,
01/30/2023,371.12,,
01/27/2023,374.03,,
01/26/2023,377.24,,
01/25/2023,382.39,,
01/24/2023,380.01,,
01/23/2023,378.57,,
01/20/2023,376.28,,
01/19/2023,367.94,,
01/18/2023,368.92,,
01/17/2023,375,,
01/13/2023,375.52,,
01/12/2023,379.81,,
01/11/2023,377.86,,
01/10/2023,371.01,,
01/09/2023,370.97,,
01/06/2023,367.67,,
01/05/2023,351.77,,
01/04/2023,355.15,,
01/03/2023,346.8,,
12/30/2022,347.73,,
12/29/2022,348.21,,
12/28/2022,341.95,,
12/27/2022,346.16,,
12/23/2022,343.6,,
12/22/2022,341.52,,
12/21/2022,345.69,,
12/20/2022,342.95,,
12/19/2022,341.26,,
12/16/2022,345.84,,
12/15/2022,346.25,,
12/14/2022,357.51,,
12/13/2022,357.15,,
12/12/2022,358.17,,
12/09/2022,348.83,,
12/08/2022,351.17,,
12/07/2022,347.42,,
12/06/2022,347.53,,
12/05/2022,356.09,,
12/02/2022,360.06,,
12/01/2022,360.8,,
11/30/2022,356.4,,
11/29/2022,343.13,,
11/28/2022,344.59,,
11/25/2022,351.29,,
11/23/2022,348.64,,
11/22/2022,344.96,,
11/21/2022,338.25,,
11/18/2022,343.69,,
11/17/2022,341.27,,
11/16/2022,342.76,,
11/15/2022,343.51,,
11/14/2022,339.37,,
11/11/2022,339.29,,
11/10/2022,337.27,,
11/09/2022,315.64,,
11/08/2022,325.75,,
11/07/2022,325.13,,
11/04/2022,318.37,,
11/03/2022,309.17,,
11/02/2022,319.82,,
11/01/2022,333.19,,
10/31/2022,328.18,,
10/28/2022,329.47,,
10/27/2022,319.37,,
10/26/2022,319.51,,
10/25/2022,311.41,,
10/24/2022,305.6,,
10/21/2022,302.37,,
10/20/2022,296.28,,
10/19/2022,297.76,,
10/18/2022,300.38,,
10/17/2022,295.04,,
10/14/2022,288.69,,
10/13/2022,293.96,,
10/12/2022,283.38,,
10/11/2022,286.05,,
10/10/2022,291.78,,
10/07/2022,294.97,,
10/06/2022,299.23,,
10/05/2022,304.2,,
10/04/2022,301.27,,
10/03/2022,290.48,,
09/30/2022,284.34,,
09/29/2022,286.77,,
09/28/2022,290.18,,
09/27/2022,286.48,,
09/26/2022,290.11,,
09/23/2022,293.58,,
09/22/2022,298.36,,
09/21/2022,304.5,,
09/20/2022,313.27,,
09/19/2022,314.03,,
09/16/2022,315.13,,
09/15/2022,316.96,,
09/14/2022,325.85,,
09/13/2022,325.44,,
09/12/2022,338.42,,
09/09/2022,335.85,,
09/08/2022,330.07,,
09/07/2022,328.62,,
09/06/2022,324.08,,
09/02/2022,322.56,,
09/01/2022,325.25,,
08/31/2022,324.37,,
08/30/2022,327.81,,
08/29/2022,329.35,,
08/26/2022,331.96,,
08/25/2022,344.67,,
08/24/2022,339.71,,
08/23/2022,340.89,,
08/22/2022,345.51,,
08/19/2022,354.28,,
08/18/2022,357.36,,
08/17/2022,355.33,,
08/16/2022,359.25,,
08/15/2022,359.95,,
08/12/2022,354.27,,
08/11/2022,350.58,,
08/10/2022,353.38,,
08/09/2022,346.54,,
08/08/2022,352.16,,
08/05/2022,357.51,,
08/04/2022,356.07,,
08/03/2022,354.13,,
08/02/2022,349.01,,
08/01/2022,350.54,,
07/29/2022,353.79,,
07/28/2022,352.45,,
07/27/2022,343.27,,
07/26/2022,341.28,,
07/25/2022,344.21,,
07/22/2022,343.88,,
07/21/2022,346.92,,
07/20/2022,341.27,,
07/19/2022,340.38,,
07/18/2022,331.01,,
07/15/2022,332.57,,
07/14/2022,325.03,,
07/13/2022,323.37,,
07/12/2022,322.86,,
07/11/2022,324.19,,
07/08/2022,323.06,,
07/07/2022,324.07,,
07/06/2022,320.17,,
07/05/2022,319.26,,
07/01/2022,318.24,,
06/30/2022,315.48,,
06/29/2022,322.59,,
06/28/2022,318.29,,
06/27/2022,328.83,,
06/24/2022,330.5,,
06/23/2022,316.76,,
06/22/2022,316.15,,
06/21/2022,317.4,,
06/17/2022,310.69,,
06/16/2022,308.78,,
06/15/2022,325.39,,
06/14/2022,322.14,,
06/13/2022,319.74,,
06/10/2022,334.75,,
06/09/2022,349,,
06/08/2022,362.33,,
06/07/2022,364.02,,
06/06/2022,360.14,,
06/03/2022,357.82,,
06/02/2022,363.08,,
06/01/2022,357.06,,
05/31/2022,357.87,,
05/27/2022,357.78,,
05/26/2022,349.89,,
05/25/2022,344.76,,
05/24/2022,340.69,,
05/23/2022,348.43,,
05/20/2022,336.18,,
05/19/2022,332.22,,
05/18/2022,335.9,,
05/17/2022,338.86,,
05/16/2022,329.73,,
05/13/2022,332.8,,
05/12/2022,321.24,,
05/11/2022,325.87,,
05/10/2022,325.33,,
05/09/2022,327.99,,
05/06/2022,347.12,,
05/05/2022,353.37,,
05/04/2022,368.52,,
05/03/2022,357.79,,
05/02/2022,359.04,,
04/29/2022,363.38,,
04/28/2022,378.83,,
04/27/2022,361.57,,
04/26/2022,344.11,,
04/25/2022,354.6,,
04/22/2022,351.18,,
04/21/2022,364.44,,
04/20/2022,365.29,,
04/19/2022,363.87,,
04/18/2022,356.8,,
04/14/2022,357.82,,
04/13/2022,355.14,,
04/12/2022,345.8,,
04/11/2022,347.37,,
04/08/2022,352.27,,
04/07/2022,349.55,,
04/06/2022,353.55,,
04/05/2022,363.32,,
04/04/2022,366.91,,
04/01/2022,363.97,,
03/31/2022,357.38,,
03/30/2022,362.24,,
03/29/2022,367.55,,
03/28/2022,350.49,,
03/25/2022,349.02,,
03/24/2022,349.35,,
03/23/2022,342.18,,
03/22/2022,349.53,,
03/21/2022,345.58,,
03/18/2022,350.09,,
03/17/2022,346.44,,
03/16/2022,344.68,,
03/15/2022,335,,
03/14/2022,328.59,,
03/11/2022,324.79,,
03/10/2022,324.59,,
03/09/2022,328.13,,
03/08/2022,314.33,,
03/07/2022,312.92,,
03/04/2022,330.76,,
03/03/2022,340.99,,
03/02/2022,344.09,,
03/01/2022,344.48,,
02/28/2022,360.82,,
02/25/2022,369.09,,
02/24/2022,369.38,,
02/23/2022,361.23,,
02/22/2022,368.29,,
02/18/2022,369.95,,
02/17/2022,373.7,,
02/16/2022,382.93,,
02/15/2022,381.54,,
02/14/2022,374.16,,
02/11/2022,369.77,,
02/10/2022,374.39,,
02/09/2022,381.37,,
02/08/2022,374.37,,
02/07/2022,376.13,,
02/04/2022,382.2,,
02/03/2022,390.07,,
02/02/2022,396.75,,
02/01/2022,392.06,,
01/31/2022,386.38,,
01/28/2022,382.51,,
01/27/2022,350.53,,
01/26/2022,344.66,,
01/25/2022,338.76,,
01/24/2022,349.42,,
01/21/2022,355.08,,
01/20/2022,364,,
01/19/2022,360.73,,
01/18/2022,366.3,,
01/14/2022,372.14,,
01/13/2022,369.52,,
01/12/2022,367.31,,
01/11/2022,366.29,,
01/10/2022,363.91,,
01/07/2022,369.65,,
01/06/2022,370,,
01/05/2022,373.9,,
01/04/2022,375.39,,
01/03/2022,370.95,,
12/31/2021,359.32,,
12/30/2021,360.99,,
12/29/2021,361.29,,
12/28/2021,360.78,,
12/27/2021,360.31,,
12/23/2021,360.58,,
12/22/2021,357.48,,
12/21/2021,350.74,,
12/20/2021,337.02,,
12/17/2021,349.31,,
12/16/2021,352.92,,
12/15/2021,346.35,,
12/14/2021,340.55,,
12/13/2021,345.31,,
12/10/2021,349.92,,
12/09/2021,344.52,,
12/08/2021,342.34,,
12/07/2021,339.51,,
12/06/2021,333.33,,
12/03/2021,322.11,,
12/02/2021,320.2,,
12/01/2021,306.28,,
11/30/2021,314.92,,
11/29/2021,323.01,,
11/26/2021,324.17,,
11/24/2021,340,,
11/23/2021,329,,
11/22/2021,321.3,,
11/19/2021,339.72,,
11/18/2021,348.22,,
11/17/2021,359.17,,
11/16/2021,369.56,,
11/15/2021,361.36,,
11/12/2021,363.5,,
11/11/2021,354.34,,
11/10/2021,357.94,,
11/09/2021,344.65,,
11/08/2021,349.67,,
11/05/2021,348.79,,
11/04/2021,335.43,,
11/03/2021,329.43,,
11/02/2021,328.48,,
11/01/2021,334.05,,
10/29/2021,335.52,,
10/28/2021,333.03,,
10/27/2021,335.72,,
10/26/2021,357.32,,
10/25/2021,360.86,,
10/22/2021,358.67,,
10/21/2021,356.21,,
10/20/2021,356.77,,
10/19/2021,362.1,,
10/18/2021,358.44,,
10/15/2021,356,,
10/14/2021,344.58,,
10/13/2021,342.35,,
10/12/2021,345.34,,
10/11/2021,347.15,,
10/08/2021,354.96,,
10/07/2021,353.91,,
10/06/2021,348.69,,
10/05/2021,343.21,,
10/04/2021,344.2,,
10/01/2021,360.18,,
09/30/2021,347.68,,
09/29/2021,353.19,,
09/28/2021,351.18,,
09/27/2021,356.77,,
09/24/2021,358.16,,
09/23/2021,354.07,,
09/22/2021,343.41,,
09/21/2021,337.38,,
09/20/2021,339.69,,
09/17/2021,343.04,,
09/16/2021,346.31,,
09/15/2021,344.75,,
09/14/2021,345.8,,
09/13/2021,347.82,,
09/10/2021,347.39,,
09/09/2021,351.41,,
09/08/2021,351.04,,
09/07/2021,344.71,,
09/03/2021,340.23,,
09/02/2021,341.28,,
09/01/2021,349.57,,
08/31/2021,346.23,,
08/30/2021,353.05,,
08/27/2021,355.73,,
08/26/2021,352.86,,
08/25/2021,359.1,,
08/24/2021,361.78,,
08/23/2021,361.01,,
08/20/2021,354.99,,
08/19/2021,357.31,,
08/18/2021,360.95,,
08/17/2021,363.23,,
08/16/2021,363.56,,
08/13/2021,362.75,,
08/12/2021,361.98,,
08/11/2021,364.24,,
08/10/2021,367.84,,
08/09/2021,370.68,,
08/06/2021,374.53,,
08/05/2021,371.94,,
08/04/2021,368.01,,
08/03/2021,367.6,,
08/02/2021,375.26,,
07/30/2021,385.94,,
07/29/2021,388.81,,
07/28/2021,383.44,,
07/27/2021,390.27,,
07/26/2021,392.8,,
07/23/2021,393.26,,
07/22/2021,382.16,,
07/21/2021,380.06,,
07/20/2021,374.39,,
07/19/2021,365.45,,
07/16/2021,387.12,,
07/15/2021,390.23,,
07/14/2021,390.8,,
07/13/2021,383.71,,
07/12/2021,375.56,,
07/09/2021,372.94,,
07/08/2021,370.19,,
07/07/2021,373.92,,
07/06/2021,376.12,,
07/02/2021,375.03,,
07/01/2021,370.71,,
06/30/2021,365.09,,
06/29/2021,368,,
06/28/2021,367.68,,
06/25/2021,379.61,,
06/24/2021,374.75,,
06/23/2021,375.14,,
06/22/2021,378.04,,
06/21/2021,373.09,,
06/18/2021,367.42,,
06/17/2021,367.29,,
06/16/2021,363.82,,
06/15/2021,368.12,,
06/14/2021,366.52,,
06/11/2021,365.5,,
06/10/2021,364.3,,
06/09/2021,363.33,,
06/08/2021,365.26,,
06/07/2021,364.08,,
06/04/2021,366.02,,
06/03/2021,361.82,,
06/02/2021,366.85,,
06/01/2021,359.79,,
05/28/2021,360.58,,
05/27/2021,362,,
05/26/2021,362.65,,
05/25/2021,367.22,,
05/24/2021,372.38,,
05/21/2021,367.6,,
05/20/2021,367.7,,
05/19/2021,360.98,,
05/18/2021,363.07,,
05/17/2021,363.3,,
05/14/2021,363.91,,
05/13/2021,360.02,,
05/12/2021,356.62,,
05/11/2021,367.61,,
05/10/2021,366.34,,
05/07/2021,375.4,,
05/06/2021,375.48,,
05/05/2021,369.14,,
05/04/2021,375.91,,
05/03/2021,379.4,,
04/30/2021,382.06,,
04/29/2021,388.95,,
04/28/2021,395.65,,
04/27/2021,389.07,,
04/26/2021,387.47,,
04/23/2021,387.06,,
04/22/2021,383.36,,
04/21/2021,383.1,,
04/20/2021,376.63,,
04/19/2021,382.16,,
04/16/2021,386.17,,
04/15/2021,386.49,,
04/14/2021,378.32,,
04/13/2021,378.13,,
04/12/2021,379.84,,
04/09/2021,380.08,,
04/08/2021,377.74,,
04/07/2021,371.08,,
04/06/2021,369.57,,
04/05/2021,368.32,,
04/01/2021,363.3,,
03/31/2021,356.05,,
03/30/2021,358.2,,
03/29/2021,362.91,,
03/26/2021,366.14,,
03/25/2021,358.36,,
03/24/2021,359.65,,
03/23/2021,355.27,,
03/22/2021,358.4,,
03/19/2021,356.51,,
03/18/2021,367,,
03/17/2021,378.68,,
03/16/2021,382.38,,
03/15/2021,381.76,,
03/12/2021,382.71,,
03/11/2021,384.38,,
03/10/2021,381.7,,
03/09/2021,376.52,,
03/08/2021,371.33,,
03/05/2021,360.88,,
03/04/2021,349.5,,
03/03/2021,360.25,,
03/02/2021,362.82,,
03/01/2021,362.9,,
02/26/2021,353.85,,
02/25/2021,354.57,,
02/24/2021,367.32,,
02/23/2021,350.42,,
02/22/2021,340.66,,
02/19/2021,333.17,,
02/18/2021,338.46,,
02/17/2021,337.33,,
02/16/2021,341.21,,
02/12/2021,341,,
02/11/2021,342.87,,
02/10/2021,334.21,,
02/09/2021,333.44,,
02/08/2021,337.03,,
02/05/2021,338.75,,
02/04/2021,340.83,,
02/03/2021,332.82,,
02/02/2021,334.37,,
02/01/2021,321.56,,
01/29/2021,316.29,,
01/28/2021,324.28,,
01/27/2021,315.49,,
01/26/2021,327.7,,
01/25/2021,329.19,,
01/22/2021,328.99,,
01/21/2021,334.44,,
01/20/2021,334.91,,
01/19/2021,325.94,,
01/15/2021,323.26,,
01/14/2021,326.93,,
01/13/2021,346.33,,
01/12/2021,342.92,,
01/11/2021,348.2,,
01/08/2021,353.85,,
01/07/2021,349.86,,
01/06/2021,347.55,,
01/05/2021,347.42,,
01/04/2021,351.49,,
12/31/2020,356.94,,
12/30/2020,355.55,,
12/29/2020,346.66,,
12/28/2020,344.47,,
12/24/2020,336,,
12/23/2020,329.23,,
12/22/2020,332.24,,
12/21/2020,334.37,,
12/18/2020,340.33,,
12/17/2020,336.9,,
12/16/2020,332.1,,
12/15/2020,333.65,,
12/14/2020,331.15,,
12/11/2020,327.42,,
12/10/2020,331.52,,
12/09/2020,336.85,,
12/08/2020,340.79,,
12/07/2020,340.96,,
12/04/2020,344.35,,
12/03/2020,335.14,,
12/02/2020,340.22,,
12/01/2020,338.88,,
11/30/2020,336.51,,
11/27/2020,339.07,,
11/25/2020,341.32,,
11/24/2020,342.39,,
11/23/2020,332.04,,
11/20/2020,323,,
11/19/2020,333.88,,
11/18/2020,335.94,,
11/17/2020,336.5,,
11/16/2020,335.45,,
11/13/2020,335.03,,
11/12/2020,328.29,,
11/11/2020,332.39,,
11/10/2020,334.78,,
11/09/2020,344.56,,
11/06/2020,313.64,,
11/05/2020,316.53,,
11/04/2020,307.2,,
11/03/2020,295.39,,
11/02/2020,289.97,,
10/30/2020,288.64,,
10/29/2020,293.18,,
10/28/2020,291.38,,
10/27/2020,317.11,,
10/26/2020,318.06,,
10/23/2020,329.61,,
10/22/2020,333.6,,
10/21/2020,333.42,,
10/20/2020,331.72,,
10/19/2020,331.67,,
10/16/2020,339.4,,
10/15/2020,338.57,,
10/14/2020,342.7,,
10/13/2020,345.84,,
10/12/2020,352.04,,
10/09/2020,352.39,,
10/08/2020,345.15,,
10/07/2020,343.9,,
10/06/2020,337.43,,
10/05/2020,343.25,,
10/02/2020,338.83,,
10/01/2020,343.37,,
09/30/2020,338.17,,
09/29/2020,336.23,,
09/28/2020,338.39,,
09/25/2020,331.78,,
09/24/2020,328.21,,
09/23/2020,324.53,,
09/22/2020,335.31,,
09/21/2020,327.85,,
09/18/2020,335.26,,
09/17/2020,339.43,,
09/16/2020,341.85,,
09/15/2020,339.14,,
09/14/2020,338.6,,
09/11/2020,330.15,,
09/10/2020,332.88,,
09/09/2020,339.64,,
09/08/2020,329.88,,
09/04/2020,335.01,,
09/03/2020,343.84,,
09/02/2020,360.7,,
09/01/2020,356.9,,
08/31/2020,358.19,,
08/28/2020,366.12,,
08/27/2020,356,,
08/26/2020,351.02,,
08/25/2020,347.66,,
08/24/2020,343.64,,
08/21/2020,337.1,,
08/20/2020,337.32,,
08/19/2020,332.4,,
08/18/2020,331,,
08/17/2020,330.23,,
08/14/2020,326.8,,
08/13/2020,326.19,,
08/12/2020,327.63,,
08/11/2020,328.54,,
08/10/2020,322.88,,
08/07/2020,328.02,,
08/06/2020,330.14,,
08/05/2020,328,,
08/04/2020,314.39,,
08/03/2020,312.59,,
07/31/2020,308.53,,
07/30/2020,309,,
07/29/2020,309.3,,
07/28/2020,306.33,,
07/27/2020,308.86,,
07/24/2020,306.92,,
07/23/2020,309.9,,
07/22/2020,313.37,,
07/21/2020,307.6,,
07/20/2020,311.96,,
07/17/2020,304.06,,
07/16/2020,299.35,,
07/15/2020,305.72,,
07/14/2020,298.95,,
07/13/2020,290.18,,
07/10/2020,295.68,,
07/09/2020,294.59,,
07/08/2020,300.15,,
07/07/2020,299.91,,
07/06/2020,305.57,,
07/02/2020,302.42,,
07/01/2020,301.17,,
06/30/2020,295.7,,
06/29/2020,292.93,,
06/26/2020,289.34,,
06/25/2020,298.01,,
06/24/2020,294.01,,
06/23/2020,306.88,,
06/22/2020,304.44,,
06/19/2020,296.5,,
06/18/2020,304.85,,
06/17/2020,303.76,,
06/16/2020,304.48,,
06/15/2020,297.17,,
06/12/2020,297.79,,
06/11/2020,291.25,,
06/10/2020,313.15,,
06/09/2020,311.49,,
06/08/2020,310.41,,
06/05/2020,311.88,,
06/04/2020,301.37,,
06/03/2020,307.07,,
06/02/2020,303.59,,
06/01/2020,301.4,,
05/29/2020,300.89,,
05/28/2020,302.3,,
05/27/2020,299.77,,
05/26/2020,303.33,,
05/22/2020,294.91,,
05/21/2020,294.26,,
05/20/2020,298.8,,
05/19/2020,290.73,,
05/18/2020,289.9,,
05/15/2020,278.94,,
05/14/2020,277.31,,
05/13/2020,269.16,,
05/12/2020,272.11,,
05/11/2020,281.23,,
05/08/2020,282.44,,
05/07/2020,278.47,,
05/06/2020,272.44,,
05/05/2020,273.98,,
05/04/2020,269.26,,
05/01/2020,268.74,,
04/30/2020,274.97,,
04/29/2020,283.69,,
04/28/2020,264.6,,
04/27/2020,265.12,,
04/24/2020,258.76,,
04/23/2020,255.86,,
04/22/2020,256.91,,
04/21/2020,245.35,,
04/20/2020,251.73,,
04/17/2020,259.97,,
04/16/2020,246.76,,
04/15/2020,257.14,,
04/14/2020,270.72,,
04/13/2020,263.34,,
04/09/2020,269.4,,
04/08/2020,270.95,,
04/07/2020,259.08,,
04/06/2020,265.94,,
04/03/2020,237.03,,
04/02/2020,238.88,,
04/01/2020,228.61,,
03/31/2020,241.56,,
03/30/2020,253.25,,
03/27/2020,247.65,,
03/26/2020,263.18,,
03/25/2020,256.48,,
03/24/2020,237.07,,
03/23/2020,203.3,,
03/20/2020,211.42,,
03/19/2020,227.15,,
03/18/2020,227.93,,
03/17/2020,237.88,,
03/16/2020,235.65,,
03/13/2020,270.01,,
03/12/2020,241.5,,
03/11/2020,269.76,,
03/10/2020,280.57,,
03/09/2020,262.01,,
03/06/2020,287.01,,
03/05/2020,290.73,,
03/04/2020,302.36,,
03/03/2020,292,,
03/02/2020,306.74,,
02/28/2020,290.25,,
02/27/2020,285.82,,
02/26/2020,298.04,,
02/25/2020,302.89,,
02/24/2020,324.67,,
02/21/2020,339.7,,
02/20/2020,344.45,,
02/19/2020,344.56,,
02/18/2020,341.24,,
02/14/2020,340.95,,
02/13/2020,335.84,,
02/12/2020,334.16,,
02/11/2020,330.92,,
02/10/2020,330.28,,
02/07/2020,327,,
02/06/2020,329.3,,
02/05/2020,328.32,,
02/04/2020,329.12,,
02/03/2020,324.52,,
01/31/2020,315.94,,
01/30/2020,324.46,,
01/29/2020,320.32,,
01/28/2020,320.27,,
01/27/2020,315.77,,
01/24/2020,323.67,,
01/23/2020,324.98,,
01/22/2020,324.31,,
01/21/2020,321.93,,
01/17/2020,323.66,,
01/16/2020,320.3,,
01/15/2020,314.25,,
01/14/2020,310.64,,
01/13/2020,315.21,,
01/10/2020,311.17,,
01/09/2020,309.1,,
01/08/2020,305.1,,
01/07/2020,300.21,,
01/06/2020,301.23,,
01/03/2020,300.43,,
01/02/2020,303.39,,
12/31/2019,298.59,,
12/30/2019,297.72,,
12/27/2019,300.74,,
12/26/2019,299.2,,
12/24/2019,297.48,,
12/23/2019,297.27,,
12/20/2019,298.57,,
12/19/2019,297.53,,
12/18/2019,294.74,,
12/17/2019,296,,
12/16/2019,296.96,,
12/13/2019,296.09,,
12/12/2019,292.21,,
12/11/2019,290.05,,
12/10/2019,288.61,,
12/09/2019,289.06,,
12/06/2019,290.4,,
12/05/2019,289.85,,
12/04/2019,286.84,,
12/03/2019,287.09,,
12/02/2019,286.47,,
11/29/2019,292.23,,
11/27/2019,291.7,,
11/26/2019,289.38,,
11/25/2019,287.61,,
11/22/2019,282.57,,
11/21/2019,284.45,,
11/20/2019,285.38,,
11/19/2019,285.31,,
11/18/2019,280.86,,
11/15/2019,280.78,,
11/14/2019,279.63,,
11/13/2019,278.07,,
11/12/2019,277.14,,
11/11/2019,277,,
11/08/2019,274.89,,
11/07/2019,272.79,,
11/06/2019,269.86,,
11/05/2019,269,,
11/04/2019,276.33,,
11/01/2019,279.05,,
10/31/2019,276.81,,
10/30/2019,277.15,,
10/29/2019,274.29,,
10/28/2019,275.93,,
10/25/2019,270.19,,
10/24/2019,268.75,,
10/23/2019,260.85,,
10/22/2019,261.26,,
10/21/2019,274.3,,
10/18/2019,270.63,,
10/17/2019,276.51,,
10/16/2019,278.27,,
10/15/2019,278.56,,
10/14/2019,276.38,,
10/11/2019,275.91,,
10/10/2019,273.83,,
10/09/2019,272.24,,
10/08/2019,267.07,,
10/07/2019,272.19,,
10/04/2019,274.06,,
10/03/2019,268.29,,
10/02/2019,264.48,,
10/01/2019,270.94,,
09/30/2019,271.57,,
09/27/2019,269.13,,
09/26/2019,273.89,,
09/25/2019,272.75,,
09/24/2019,271.12,,
09/23/2019,273.15,,
09/20/2019,271.17,,
09/19/2019,275.91,,
09/18/2019,275.1,,
09/17/2019,276.25,,
09/16/2019,274.08,,
09/13/2019,276.32,,
09/12/2019,276.4,,
09/11/2019,269.95,,
09/10/2019,272.33,,
09/09/2019,283.36,,
09/06/2019,291.38,,
09/05/2019,292.08,,
09/04/2019,286.1,,
09/03/2019,280.11,,
08/30/2019,281.37,,
08/29/2019,281.38,,
08/28/2019,278.24,,
08/27/2019,276.64,,
08/26/2019,276.43,,
08/23/2019,271.89,,
08/22/2019,280.77,,
08/21/2019,282.01,,
08/20/2019,277.04,,
08/19/2019,278.07,,
08/16/2019,274.36,,
08/15/2019,271.89,,
08/14/2019,267.15,,
08/13/2019,274.53,,
08/12/2019,270,,
08/09/2019,274.95,,
08/08/2019,278.04,,
08/07/2019,269.31,,
08/06/2019,264.68,,
08/05/2019,256.84,,
08/02/2019,269.45,,
08/01/2019,274.16,,
07/31/2019,272.27,,
07/30/2019,278.16,,
07/29/2019,281.44,,
07/26/2019,282.07,,
07/25/2019,279.35,,
07/24/2019,280.25,,
07/23/2019,278.97,,
07/22/2019,278.61,,
07/19/2019,275.6,,
07/18/2019,276.78,,
07/17/2019,275.28,,
07/16/2019,276.62,,
07/15/2019,279.37,,
07/12/2019,279.54,,
07/11/2019,278.32,,
07/10/2019,275.38,,
07/09/2019,273.34,,
07/08/2019,271.23,,
07/05/2019,272.14,,
07/03/2019,273.08,,
07/02/2019,270.57,,
07/01/2019,266.77,,
06/28/2019,264.53,,
06/27/2019,261.1,,
06/26/2019,261.3,,
06/25/2019,259.73,,
06/24/2019,265.3,,
06/21/2019,264.47,,
06/20/2019,266.79,,
06/19/2019,259.87,,
06/18/2019,258.81,,
06/17/2019,259.2,,
06/14/2019,260.1,,
06/13/2019,261.2,,
06/12/2019,263.85,,
06/11/2019,263.66,,
06/10/2019,266.1,,
06/07/2019,265.8,,
06/06/2019,257.83,,
06/05/2019,256.26,,
06/04/2019,249.18,,
06/03/2019,242.26,,
05/31/2019,251.49,,
05/30/2019,254.19,,
05/29/2019,253.56,,
05/28/2019,253.43,,
05/24/2019,251.48,,
05/23/2019,249.73,,
05/22/2019,256.9,,
05/21/2019,255.36,,
05/20/2019,253.49,,
05/17/2019,252.55,,
05/16/2019,253.42,,
05/15/2019,249.15,,
05/14/2019,245.94,,
05/13/2019,241.38,,
05/10/2019,247.43,,
05/09/2019,245.31,,
05/08/2019,245.33,,
05/07/2019,245.06,,
05/06/2019,248.64,,
05/03/2019,247.95,,
05/02/2019,247.19,,
05/01/2019,248.75,,
04/30/2019,254.24,,
04/29/2019,247.13,,
04/26/2019,246.68,,
04/25/2019,245.61,,
04/24/2019,245.29,,
04/23/2019,243.49,,
04/22/2019,243.05,,
04/18/2019,240.89,,
04/17/2019,241,,
04/16/2019,240.09,,
04/15/2019,239.15,,
04/12/2019,238.83,,
04/11/2019,236.04,,
04/10/2019,237.06,,
04/09/2019,235.91,,
04/08/2019,236.27,,
04/05/2019,236.63,,
04/04/2019,236.06,,
04/03/2019,238.93,,
04/02/2019,239.26,,
04/01/2019,239.05,,
03/29/2019,235.45,,
03/28/2019,234.86,,
03/27/2019,232.52,,
03/26/2019,233.29,,
03/25/2019,230.42,,
03/22/2019,230.76,,
03/21/2019,235.87,,
03/20/2019,229.89,,
03/19/2019,231.01,,
03/18/2019,230.39,,
03/15/2019,231.17,,
03/14/2019,229.51,,
03/13/2019,228.5,,
03/12/2019,226.94,,
03/11/2019,225.64,,
03/08/2019,221.87,,
03/07/2019,222.41,,
03/06/2019,224.47,,
03/05/2019,226.22,,
03/04/2019,226.29,,
03/01/2019,227.25,,
02/28/2019,224.77,,
02/27/2019,224.57,,
02/26/2019,224,,
02/25/2019,223.32,,
02/22/2019,223.32,,
02/21/2019,219.31,,
02/20/2019,221.11,,
02/19/2019,220.59,,
02/15/2019,222.11,,
02/14/2019,219.81,,
02/13/2019,220.54,,
02/12/2019,218.91,,
02/11/2019,217.1,,
02/08/2019,216.58,,
02/07/2019,213.97,,
02/06/2019,215.3,,
02/05/2019,215.86,,
02/04/2019,214.91,,
02/01/2019,213.77,,
01/31/2019,211.13,,
01/30/2019,204.02,,
01/29/2019,199.24,,
01/28/2019,200.16,,
01/25/2019,202.94,,
01/24/2019,199.79,,
01/23/2019,198.35,,
01/22/2019,199.46,,
01/18/2019,202,,
01/17/2019,199.31,,
01/16/2019,197.77,,
01/15/2019,196.52,,
01/14/2019,195.43,,
01/11/2019,195.9,,
01/10/2019,196.95,,
01/09/2019,195.77,,
01/08/2019,192.28,,
01/07/2019,191.22,,
01/04/2019,189.76,,
01/03/2019,181.18,,
01/02/2019,189.74,,
12/31/2018,188.65,,
12/28/2018,186.16,,
12/27/2018,188.69,,
12/26/2018,186.43,,
12/24/2018,174.65,,
12/21/2018,175.19,,
12/20/2018,182.71,,
12/19/2018,187.12,,
12/18/2018,191.61,,
12/17/2018,190.45,,
12/14/2018,195.33,,
12/13/2018,198.96,,
12/12/2018,200.29,,
12/11/2018,197.74,,
12/10/2018,198.06,,
12/07/2018,196.5,,
12/06/2018,202.99,,
12/04/2018,200.49,,
12/03/2018,209.86,,
11/30/2018,201.07,,
11/29/2018,196.66,,
11/28/2018,202.28,,
11/27/2018,192.98,,
11/26/2018,191.85,,
11/23/2018,182.6,,
11/21/2018,187.66,,
11/20/2018,187.06,,
11/19/2018,189.28,,
11/16/2018,199.04,,
11/15/2018,200.71,,
11/14/2018,197.58,,
11/13/2018,198.17,,
11/12/2018,199.14,,
11/09/2018,205.62,,
11/08/2018,208.86,,
11/07/2018,208.24,,
11/06/2018,199.15,,
11/05/2018,197.98,,
11/02/2018,197.72,,
11/01/2018,199.71,,
10/31/2018,197.67,,
10/30/2018,187.73,,
10/29/2018,191.04,,
10/26/2018,197.49,,
10/25/2018,204.2,,
10/24/2018,195.69,,
10/23/2018,202.43,,
10/22/2018,204.5,,
10/19/2018,203.06,,
10/18/2018,203.62,,
10/17/2018,207.38,,
10/16/2018,207.78,,
10/15/2018,200.32,,
10/12/2018,204.22,,
10/11/2018,194.51,,
10/10/2018,196.69,,
10/09/2018,209.76,,
10/08/2018,208.26,,
10/05/2018,213.26,,
10/04/2018,216.15,,
10/03/2018,223.13,,
10/02/2018,222.37,,
10/01/2018,223.77,,
09/28/2018,222.61,,
09/27/2018,222.31,,
09/26/2018,222.26,,
09/25/2018,222.12,,
09/24/2018,221.35,,
09/21/2018,221.9,,
09/20/2018,221.39,,
09/19/2018,218.19,,
09/18/2018,220.05,,
09/17/2018,216.47,,
09/14/2018,217.96,,
09/13/2018,217.22,,
09/12/2018,214.03,,
09/11/2018,213.45,,
09/10/2018,211.67,,
09/07/2018,211.09,,
09/06/2018,212.77,,
09/05/2018,211.16,,
09/04/2018,216.82,,
08/31/2018,215.56,,
08/30/2018,213.8,,
08/29/2018,214.57,,
08/28/2018,212.63,,
08/27/2018,211.53,,
08/24/2018,209.4,,
08/23/2018,205.22,,
08/22/2018,204.31,,
08/21/2018,203.09,,
08/20/2018,204.75,,
08/17/2018,203.21,,
08/16/2018,203.6,,
08/15/2018,200.24,,
08/14/2018,203.88,,
08/13/2018,202.31,,
08/10/2018,202.65,,
08/09/2018,203.6,,
08/08/2018,202.86,,
08/07/2018,202.62,,
08/06/2018,201.54,,
08/03/2018,201.2,,
08/02/2018,202.01,,
08/01/2018,201.2,,
07/31/2018,198,,
07/30/2018,197.87,,
07/27/2018,202.94,,
07/26/2018,207.37,,
07/25/2018,214.16,,
07/24/2018,209.58,,
07/23/2018,207.84,,
07/20/2018,206.71,,
07/19/2018,206.06,,
07/18/2018,208.36,,
07/17/2018,206.37,,
07/16/2018,204.08,,
07/13/2018,205.91,,
07/12/2018,207.78,,
07/11/2018,203.84,,
07/10/2018,201.52,,
07/09/2018,200.93,,
07/06/2018,199.52,,
07/05/2018,198.87,,
07/03/2018,196.29,,
07/02/2018,197.67,,
06/29/2018,196.52,,
06/28/2018,197.1,,
06/27/2018,193.18,,
06/26/2018,196.46,,
06/25/2018,194.98,,
06/22/2018,201.48,,
06/21/2018,200.78,,
06/20/2018,201.54,,
06/19/2018,199.69,,
06/18/2018,201.13,,
06/15/2018,199.53,,
06/14/2018,199.31,,
06/13/2018,199.41,,
06/12/2018,200.13,,
06/11/2018,198.49,,
06/08/2018,200.04,,
06/07/2018,199.54,,
06/06/2018,203.21,,
06/05/2018,199.36,,
06/04/2018,197.73,,
06/01/2018,195.37,,
05/31/2018,190.12,,
05/30/2018,191.76,,
05/29/2018,189.53,,
05/25/2018,191.17,,
05/24/2018,191.91,,
05/23/2018,192.99,,
05/22/2018,191.62,,
05/21/2018,191.2,,
05/18/2018,190.4,,
05/17/2018,191.2,,
05/16/2018,192.38,,
05/15/2018,192,,
05/14/2018,192.12,,
05/11/2018,193.35,,
05/10/2018,193.05,,
05/09/2018,190.63,,
05/08/2018,190.53,,
05/07/2018,189.1,,
05/04/2018,188.17,,
05/03/2018,186.48,,
05/02/2018,185.82,,
05/01/2018,180.25,,
04/30/2018,178.27,,
04/27/2018,175.94,,
04/26/2018,178.16,,
04/25/2018,172.47,,
04/24/2018,173.24,,
04/23/2018,175.43,,
04/20/2018,177.08,,
04/19/2018,179.01,,
04/18/2018,179.46,,
04/17/2018,178.34,,
04/16/2018,173.87,,
04/13/2018,174.27,,
04/12/2018,174.8,,
04/11/2018,172.36,,
04/10/2018,174.72,,
04/09/2018,170.34,,
04/06/2018,169.7,,
04/05/2018,175.8,,
04/04/2018,173.69,,
04/03/2018,172.47,,
04/02/2018,171.6,,
03/29/2018,175.16,,
03/28/2018,170.35,,
03/27/2018,172.52,,
03/26/2018,177.17,,
03/23/2018,171.83,,
03/22/2018,175.52,,
03/21/2018,180.75,,
03/20/2018,182.51,,
03/19/2018,180.58,,
03/16/2018,182.55,,
03/15/2018,180.95,,
03/14/2018,180.12,,
03/13/2018,181.01,,
03/12/2018,182.54,,
03/09/2018,183.24,,
03/08/2018,179.25,,
03/07/2018,179.21,,
03/06/2018,177.53,,
03/05/2018,178.53,,
03/02/2018,175.02,,
03/01/2018,173.49,,
02/28/2018,175.76,,
02/27/2018,175.93,,
02/26/2018,177.87,,
02/23/2018,175.76,,
02/22/2018,172.95,,
02/21/2018,172.32,,
02/20/2018,175.35,,
02/16/2018,175.65,,
02/15/2018,174.69,,
02/14/2018,172.52,,
02/13/2018,170.12,,
02/12/2018,168.19,,
02/09/2018,165.2,,
02/08/2018,160.62,,
02/07/2018,168.73,,
02/06/2018,169.28,,
02/05/2018,164.59,,
02/02/2018,170.55,,
02/01/2018,172.93,,
01/31/2018,169,,
01/30/2018,167.19,,
01/29/2018,168.55,,
01/26/2018,170.34,,
01/25/2018,168.59,,
01/24/2018,167.01,,
01/23/2018,167.19,,
01/22/2018,168.28,,
01/19/2018,166.83,,
01/18/2018,165.48,,
01/17/2018,164.32,,
01/16/2018,162.29,,
01/12/2018,162.33,,
01/11/2018,160.92,,
01/10/2018,159.86,,
01/09/2018,159.5,,
01/08/2018,159.27,,
01/05/2018,159.04,,
01/04/2018,155.81,,
01/03/2018,153.82,,
01/02/2018,151.91,,
12/29/2017,151.36,,
12/28/2017,151.77,,
12/27/2017,151.4,,
12/26/2017,151.28,,
12/22/2017,150.85,,
12/21/2017,150.53,,
12/20/2017,151.45,,
12/19/2017,151.68,,
12/18/2017,153.12,,
12/15/2017,153.4,,
12/14/2017,151.93,,
12/13/2017,151.69,,
12/12/2017,152.5,,
12/11/2017,150.88,,
12/08/2017,149.89,,
12/07/2017,149.45,,
12/06/2017,147.42,,
12/05/2017,145.13,,
12/04/2017,143.43,,
12/01/2017,149.69,,
11/30/2017,150.47,,
11/29/2017,148.35,,
11/28/2017,154.19,,
11/27/2017,152.97,,
11/24/2017,152.74,,
11/22/2017,151.25,,
11/21/2017,152.51,,
11/20/2017,149.56,,
11/17/2017,149.02,,
11/16/2017,150.33,,
11/15/2017,148.33,,
11/14/2017,149.95,,
11/13/2017,149.69,,
11/10/2017,149.54,,
11/09/2017,149.29,,
11/08/2017,149.97,,
11/07/2017,149.97,,
11/06/2017,150.09,,
11/03/2017,149.29,,
11/02/2017,148.25,,
11/01/2017,148.89,,
10/31/2017,148.77,,
10/30/2017,148.95,,
10/27/2017,148.52,,
10/26/2017,146.59,,
10/25/2017,146.24,,
10/24/2017,145.8,,
10/23/2017,145.56,,
10/20/2017,145.38,,
10/19/2017,144.98,,
10/18/2017,146.19,,
10/17/2017,145.93,,
10/16/2017,146.22,,
10/13/2017,147.34,,
10/12/2017,146.74,,
10/11/2017,146.85,,
10/10/2017,145.65,,
10/09/2017,144.55,,
10/06/2017,143.52,,
10/05/2017,143.75,,
10/04/2017,142.09,,
10/03/2017,143.02,,
10/02/2017,141.82,,
09/29/2017,141.2,,
09/28/2017,140.2,,
09/27/2017,139.67,,
09/26/2017,138.37,,
09/25/2017,138.57,,
09/22/2017,141.89,,
09/21/2017,141.72,,
09/20/2017,142.24,,
09/19/2017,142.49,,
09/18/2017,141.4,,
09/15/2017,141.58,,
09/14/2017,141.47,,
09/13/2017,140.1,,
09/12/2017,142.42,,
09/11/2017,141.99,,
09/08/2017,137.22,,
09/07/2017,136.53,,
09/06/2017,132.89,,
09/05/2017,132.66,,
09/01/2017,133.24,,
08/31/2017,133.3,,
08/30/2017,133.8,,
08/29/2017,133.84,,
08/28/2017,133.85,,
08/25/2017,132.75,,
08/24/2017,132.96,,
08/23/2017,133.07,,
08/22/2017,133.8,,
08/21/2017,131.94,,
08/18/2017,131.14,,
08/17/2017,130.88,,
08/16/2017,132.37,,
08/15/2017,131.58,,
08/14/2017,131.09,,
08/11/2017,128.55,,
08/10/2017,127.67,,
08/09/2017,129.72,,
08/08/2017,129.84,,
08/07/2017,130.38,,
08/04/2017,129.82,,
08/03/2017,129.89,,
08/02/2017,130.61,,
08/01/2017,129.49,,
07/31/2017,127.8,,
07/28/2017,127.91,,
07/27/2017,128.93,,
07/26/2017,130.99,,
07/25/2017,129.98,,
07/24/2017,129.52,,
07/21/2017,129.27,,
07/20/2017,128.47,,
07/19/2017,128.04,,
07/18/2017,127.73,,
07/17/2017,127.43,,
07/14/2017,127.01,,
07/13/2017,125.47,,
07/12/2017,125.28,,
07/11/2017,124.23,,
07/10/2017,122.73,,
07/07/2017,122.2,,
07/06/2017,120.8,,
07/05/2017,121.98,,
07/03/2017,120.78,,
06/30/2017,121.45,,
06/29/2017,121.51,,
06/28/2017,124.81,,
06/27/2017,122.74,,
06/26/2017,123.52,,
06/23/2017,124.01,,
06/22/2017,123.3,,
06/21/2017,123.1,,
06/20/2017,122.93,,
06/19/2017,123.09,,
06/16/2017,121.96,,
06/15/2017,121.42,,
06/14/2017,122.5,,
06/13/2017,122.32,,
06/12/2017,120.76,,
06/09/2017,123.04,,
06/08/2017,124.76,,
06/07/2017,125.19,,
06/06/2017,125.24,,
06/05/2017,125.9,,
06/02/2017,125.2,,
06/01/2017,123.4,,
05/31/2017,122.88,,
05/30/2017,121.65,,
05/26/2017,121.63,,
05/25/2017,121.92,,
05/24/2017,120.7,,
05/23/2017,119.6,,
05/22/2017,119,,
05/19/2017,117.58,,
05/18/2017,116.24,,
05/17/2017,116.8,,
05/16/2017,118.49,,
05/15/2017,118.21,,
05/12/2017,117.13,,
05/11/2017,116.53,,
05/10/2017,116.65,,
05/09/2017,116.41,,
05/08/2017,116.61,,
05/05/2017,117.5,,
05/04/2017,117.92,,
05/03/2017,117.33,,
05/02/2017,118.12,,
05/01/2017,116.37,,
04/28/2017,116.32,,
04/27/2017,117.1,,
04/26/2017,116.17,,
04/25/2017,116.13,,
04/24/2017,115.7,,
04/21/2017,114.27,,
04/20/2017,114.59,,
04/19/2017,112.29,,
04/18/2017,112.52,,
04/17/2017,112.67,,
04/13/2017,111.22,,
04/12/2017,111.47,,
04/11/2017,112.11,,
04/10/2017,112.32,,
04/07/2017,112.24,,
04/06/2017,112.43,,
04/05/2017,112.07,,
04/04/2017,112.09,,
04/03/2017,112.24,,
03/31/2017,112.47,,
03/30/2017,112.67,,
03/29/2017,112.06,,
03/28/2017,112.47,,
03/27/2017,111.94,,
03/24/2017,111.98,,
03/23/2017,111.6,,
03/22/2017,111.45,,
03/21/2017,110.71,,
03/20/2017,112.41,,
03/17/2017,112.83,,
03/16/2017,112.67,,
03/15/2017,112.02,,
03/14/2017,110.49,,
03/13/2017,111.53,,
03/10/2017,111.21,,
03/09/2017,110.79,,
03/08/2017,110.98,,
03/07/2017,110.96,,
03/06/2017,111.36,,
03/03/2017,111.74,,
03/02/2017,111.33,,
03/01/2017,112.31,,
02/28/2017,110.46,,
02/27/2017,110.57,,
02/24/2017,111,,
02/23/2017,110.74,,
02/22/2017,109.44,,
02/21/2017,110.16,,
02/17/2017,109.42,,
02/16/2017,109.3,,
02/15/2017,109.66,,
02/14/2017,108.88,,
02/13/2017,108.28,,
02/10/2017,107.27,,
02/09/2017,107.3,,
02/08/2017,106.72,,
02/07/2017,106.6,,
02/06/2017,106.59,,
02/03/2017,106.58,,
02/02/2017,105.14,,
02/01/2017,105,,
01/31/2017,106.33,,
01/30/2017,109.3,,
01/27/2017,109.84,,
01/26/2017,109.38,,
01/25/2017,110.19,,
01/24/2017,109.92,,
01/23/2017,109.63,,
01/20/2017,109.96,,
01/19/2017,108.53,,
01/18/2017,108.66,,
01/17/2017,108.4,,
01/13/2017,108.7,,
01/12/2017,108.71,,
01/11/2017,107.81,,
01/10/2017,107.32,,
01/09/2017,107.55,,
01/06/2017,107.76,,
01/05/2017,106.99,,
01/04/2017,106.39,,
01/03/2017,105.39,,
12/30/2016,103.25,,
12/29/2016,103.77,,
12/28/2016,103.68,,
12/27/2016,104.8,,
12/23/2016,104.71,,
12/22/2016,104.31,,
12/21/2016,104.17,,
12/20/2016,104.54,,
12/19/2016,103.54,,
12/16/2016,103.43,,
12/15/2016,104.35,,
12/14/2016,103.28,,
12/13/2016,103.32,,
12/12/2016,103.28,,
12/09/2016,104.41,,
12/08/2016,104.82,,
12/07/2016,105.25,,
12/06/2016,102,,
12/05/2016,103.55,,
12/02/2016,101.1,,
12/01/2016,100.18,,
11/30/2016,102.2,,
11/29/2016,103.82,,
11/28/2016,103.36,,
11/25/2016,105.73,,
11/23/2016,104.56,,
11/22/2016,105.93,,
11/21/2016,105.94,,
11/18/2016,104.78,,
11/17/2016,104.45,,
11/16/2016,104,,
11/15/2016,102.48,,
11/14/2016,101.14,,
11/11/2016,104.62,,
11/10/2016,104.5,,
11/09/2016,106.19,,
11/08/2016,105.7,,
11/07/2016,105.96,,
11/04/2016,103.03,,
11/03/2016,103.78,,
11/02/2016,104,,
11/01/2016,104.96,,
10/31/2016,107.02,,
10/28/2016,106.9,,
10/27/2016,103.6,,
10/26/2016,103.22,,
10/25/2016,102.88,,
10/24/2016,103.19,,
10/21/2016,102.85,,
10/20/2016,102.55,,
10/19/2016,102.73,,
10/18/2016,101.73,,
10/17/2016,100.85,,
10/14/2016,100.88,,
10/13/2016,100.65,,
10/12/2016,101.36,,
10/11/2016,101.35,,
10/10/2016,102.65,,
10/07/2016,102.25,,
10/06/2016,102.94,,
10/05/2016,102.4,,
10/04/2016,101.22,,
10/03/2016,101.88,,
09/30/2016,101.77,,
09/29/2016,100.61,,
09/28/2016,101.51,,
09/27/2016,101.45,,
09/26/2016,101.16,,
09/23/2016,101.66,,
09/22/2016,102.12,,
09/21/2016,101.26,,
09/20/2016,100.49,,
09/19/2016,99.68,,
09/16/2016,99.36,,
09/15/2016,99.47,,
09/14/2016,98.71,,
09/13/2016,99.39,,
09/12/2016,100.11,,
09/09/2016,98.15,,
09/08/2016,99.98,,
09/07/2016,99.57,,
09/06/2016,98.79,,
09/02/2016,97.89,,
09/01/2016,97.62,,
08/31/2016,96.63,,
08/30/2016,97.09,,
08/29/2016,96.78,,
08/26/2016,96.47,,
08/25/2016,95.59,,
08/24/2016,95.53,,
08/23/2016,96.29,,
08/22/2016,95.79,,
08/19/2016,95.22,,
08/18/2016,95.27,,
08/17/2016,95.59,,
08/16/2016,95.62,,
08/15/2016,96.44,,
08/12/2016,96.12,,
08/11/2016,96.53,,
08/10/2016,96.29,,
08/09/2016,96.7,,
08/08/2016,96.78,,
08/05/2016,96.88,,
08/04/2016,95.91,,
08/03/2016,95.08,,
08/02/2016,95.25,,
08/01/2016,95.07,,
07/29/2016,95.24,,
07/28/2016,96.01,,
07/27/2016,93.75,,
07/26/2016,93.43,,
07/25/2016,93,,
07/22/2016,93.66,,
07/21/2016,92.46,,
07/20/2016,93.3,,
07/19/2016,92.38,,
07/18/2016,91.6,,
07/15/2016,90.93,,
07/14/2016,91.45,,
07/13/2016,90.34,,
07/12/2016,90,,
07/11/2016,88.75,,
07/08/2016,88.56,,
07/07/2016,87.81,,
07/06/2016,86.83,,
07/05/2016,88.24,,
07/01/2016,88.85,,
06/30/2016,88.06,,
06/29/2016,92.13,,
06/28/2016,90.42,,
06/27/2016,89.07,,
06/24/2016,91.47,,
06/23/2016,95.71,,
06/22/2016,94.06,,
06/21/2016,95.11,,
06/20/2016,94.35,,
06/17/2016,93.29,,
06/16/2016,94.08,,
06/15/2016,93.34,,
06/14/2016,94.11,,
06/13/2016,94.19,,
06/10/2016,95.21,,
06/09/2016,97.02,,
06/08/2016,97.99,,
06/07/2016,96.68,,
06/06/2016,96.64,,
06/03/2016,96.03,,
06/02/2016,96.88,,
06/01/2016,96.41,,
05/31/2016,95.9,,
05/27/2016,97.18,,
05/26/2016,96.38,,
05/25/2016,96.45,,
05/24/2016,96.48,,
05/23/2016,95.08,,
05/20/2016,95.47,,
05/19/2016,94.7,,
05/18/2016,95.63,,
05/17/2016,95.6,,
05/16/2016,96.15,,
05/13/2016,95.36,,
05/12/2016,95.85,,
05/11/2016,96.41,,
05/10/2016,97.64,,
05/09/2016,96.72,,
05/06/2016,96.68,,
05/05/2016,96.19,,
05/04/2016,96.25,,
05/03/2016,96.45,,
05/02/2016,97.77,,
04/29/2016,96.99,,
04/28/2016,97.18,,
04/27/2016,98.38,,
04/26/2016,97.27,,
04/25/2016,96.98,,
04/22/2016,97.45,,
04/21/2016,97.54,,
04/20/2016,97.9,,
04/19/2016,97.24,,
04/18/2016,97.67,,
04/15/2016,96.68,,
04/14/2016,96.17,,
04/13/2016,95.75,,
04/12/2016,93.86,,
04/11/2016,93.47,,
04/08/2016,93.79,,
04/07/2016,93.51,,
04/06/2016,94.75,,
04/05/2016,94.35,,
04/04/2016,95.05,,
04/01/2016,95.87,,
03/31/2016,94.5,,
03/30/2016,93.81,,
03/29/2016,92.78,,
03/28/2016,91.24,,
03/24/2016,91.91,,
03/23/2016,92.13,,
03/22/2016,91.76,,
03/21/2016,92.35,,
03/18/2016,92.31,,
03/17/2016,91.41,,
03/16/2016,90.01,,
03/15/2016,89.36,,
03/14/2016,88.87,,
03/11/2016,88.58,,
03/10/2016,86.89,,
03/09/2016,87.18,,
03/08/2016,86.85,,
03/07/2016,88.3,,
03/04/2016,90.05,,
03/03/2016,89.74,,
03/02/2016,89.89,,
03/01/2016,90.1,,
02/29/2016,86.92,,
02/26/2016,87.57,,
02/25/2016,87.42,,
02/24/2016,86.42,,
02/23/2016,86.21,,
02/22/2016,87.82,,
02/19/2016,86.79,,
02/18/2016,86.04,,
02/17/2016,87.21,,
02/16/2016,86.18,,
02/12/2016,84.89,,
02/11/2016,82.11,,
02/10/2016,83.31,,
02/09/2016,81.97,,
02/08/2016,80.65,,
02/05/2016,82.76,,
02/04/2016,86.33,,
02/03/2016,86.47,,
02/02/2016,85.93,,
02/01/2016,88.63,,
01/29/2016,89.03,,
01/28/2016,83.43,,
01/27/2016,84.81,,
01/26/2016,87,,
01/25/2016,86.77,,
01/22/2016,88,,
01/21/2016,86.12,,
01/20/2016,85.13,,
01/19/2016,86.22,,
01/15/2016,88.71,,
01/14/2016,90.71,,
01/13/2016,89.19,,
01/12/2016,91.44,,
01/11/2016,90.58,,
01/08/2016,89.89,,
01/07/2016,91.64,,
01/06/2016,93.35,,
01/05/2016,94.99,,
01/04/2016,94.81,,
12/31/2015,97.36,,
12/30/2015,98.87,,
12/29/2015,99.72,,
12/28/2015,98.53,,
12/24/2015,98.59,,
12/23/2015,98.73,,
12/22/2015,97.54,,
12/21/2015,97.04,,
12/18/2015,96.29,,
12/17/2015,99.33,,
12/16/2015,100.04,,
12/15/2015,98.43,,
12/14/2015,96.3,,
12/11/2015,94.83,,
12/10/2015,97.61,,
12/09/2015,97.82,,
12/08/2015,98.18,,
12/07/2015,97.82,,
12/04/2015,98.7,,
12/03/2015,95.96,,
12/02/2015,97.1,,
12/01/2015,97.93,,
11/30/2015,97.92,,
11/27/2015,98.67,,
11/25/2015,98.16,,
11/24/2015,98.5,,
11/23/2015,99.37,,
11/20/2015,99.5,,
11/19/2015,98.93,,
11/18/2015,99.16,,
11/17/2015,98.07,,
11/16/2015,98.3,,
11/13/2015,96.86,,
11/12/2015,98.28,,
11/11/2015,100.88,,
11/10/2015,100.65,,
11/09/2015,100.47,,
11/06/2015,101.5,,
11/05/2015,100.69,,
11/04/2015,100.52,,
11/03/2015,100.12,,
11/02/2015,99.38,,
10/30/2015,98.99,,
10/29/2015,100.59,,
10/28/2015,100.09,,
10/27/2015,98.43,,
10/26/2015,99.63,,
10/23/2015,99.79,,
10/22/2015,98.02,,
10/21/2015,96.6,,
10/20/2015,97.67,,
10/19/2015,97.74,,
10/16/2015,97.64,,
10/15/2015,97.16,,
10/14/2015,95.03,,
10/13/2015,95.93,,
10/12/2015,96.64,,
10/09/2015,95.82,,
10/08/2015,95.87,,
10/07/2015,95.18,,
10/06/2015,93.92,,
10/05/2015,94.33,,
10/02/2015,92.07,,
10/01/2015,90.73,,
09/30/2015,90.12,,
09/29/2015,88.76,,
09/28/2015,88.35,,
09/25/2015,91.3,,
09/24/2015,91.12,,
09/23/2015,92.14,,
09/22/2015,92.07,,
09/21/2015,93.05,,
09/18/2015,92.15,,
09/17/2015,93.21,,
09/16/2015,92.73,,
09/15/2015,92.11,,
09/14/2015,90.94,,
09/11/2015,91.35,,
09/10/2015,89.68,,
09/09/2015,89.97,,
09/08/2015,92.9,,
09/04/2015,90.53,,
09/03/2015,91.65,,
09/02/2015,90.43,,
09/01/2015,89.05,,
08/31/2015,92.37,,
08/28/2015,94.08,,
08/27/2015,94.05,,
08/26/2015,91.71,,
08/25/2015,86.82,,
08/24/2015,87.83,,
08/21/2015,90.68,,
08/20/2015,94.56,,
08/19/2015,96.6,,
08/18/2015,97.6,,
08/17/2015,97.86,,
08/14/2015,97.89,,
08/13/2015,97.23,,
08/12/2015,97.04,,
08/11/2015,97.2,,
08/10/2015,98.08,,
08/07/2015,97.77,,
08/06/2015,97.16,,
08/05/2015,98.27,,
08/04/2015,97.3,,
08/03/2015,97.44,,
07/31/2015,97.4,,
07/30/2015,98.41,,
07/29/2015,96.73,,
07/28/2015,95.16,,
07/27/2015,94.39,,
07/24/2015,95.83,,
07/23/2015,95.16,,
07/22/2015,96.88,,
07/21/2015,96.71,,
07/20/2015,97.26,,
07/17/2015,96.08,,
07/16/2015,95.82,,
07/15/2015,95.25,,
07/14/2015,95.27,,
07/13/2015,95.5,,
07/10/2015,94.62,,
07/09/2015,93.04,,
07/08/2015,92.49,,
07/07/2015,93.89,,
07/06/2015,94.52,,
07/02/2015,94.24,,
07/01/2015,94.5,,
06/30/2015,93.48,,
06/29/2015,92.52,,
06/26/2015,94.51,,
06/25/2015,94.46,,
06/24/2015,95.51,,
06/23/2015,95.7,,
06/22/2015,95.42,,
06/19/2015,94.81,,
06/18/2015,96.05,,
06/17/2015,94.45,,
06/16/2015,94.15,,
06/15/2015,93.3,,
06/12/2015,93.77,,
06/11/2015,94.5,,
06/10/2015,94.17,,
06/09/2015,92.09,,
06/08/2015,91.9,,
06/05/2015,92.62,,
06/04/2015,92.57,,
06/03/2015,93.5,,
06/02/2015,93.17,,
06/01/2015,92.56,,
05/29/2015,92.26,,
05/28/2015,92.82,,
05/27/2015,92.59,,
05/26/2015,91.89,,
05/22/2015,92.69,,
05/21/2015,92.9,,
05/20/2015,93.24,,
05/19/2015,93.8,,
05/18/2015,93.08,,
05/15/2015,93.22,,
05/14/2015,93.84,,
05/13/2015,92.52,,
05/12/2015,92.39,,
05/11/2015,92.52,,
05/08/2015,93.51,,
05/07/2015,92.05,,
05/06/2015,90.57,,
05/05/2015,90.78,,
05/04/2015,91.18,,
05/01/2015,91.25,,
04/30/2015,90.21,,
04/29/2015,90.25,,
04/28/2015,90.23,,
04/27/2015,89.75,,
04/24/2015,90.72,,
04/23/2015,90.88,,
04/22/2015,91.2,,
04/21/2015,87.77,,
04/20/2015,87.33,,
04/17/2015,86.93,,
04/16/2015,88.72,,
04/15/2015,89.25,,
04/14/2015,89.12,,
04/13/2015,88.25,,
04/10/2015,88.57,,
04/09/2015,89.06,,
04/08/2015,89.32,,
04/07/2015,87.92,,
04/06/2015,87.34,,
04/02/2015,87.03,,
04/01/2015,86.74,,
03/31/2015,86.39,,
03/30/2015,87.67,,
03/27/2015,87.25,,
03/26/2015,87.93,,
03/25/2015,87.37,,
03/24/2015,89.49,,
03/23/2015,89.33,,
03/20/2015,89.82,,
03/19/2015,89.02,,
03/18/2015,88.88,,
03/17/2015,87.97,,
03/16/2015,88.71,,
03/13/2015,87.75,,
03/12/2015,89.25,,
03/11/2015,86.97,,
03/10/2015,88.84,,
03/09/2015,91.12,,
03/06/2015,90.79,,
03/05/2015,92.81,,
03/04/2015,91.71,,
03/03/2015,90.97,,
03/02/2015,92.02,,
02/27/2015,90.13,,
02/26/2015,91.26,,
02/25/2015,92.67,,
02/24/2015,91.32,,
02/23/2015,91.12,,
02/20/2015,90.79,,
02/19/2015,89.2,,
02/18/2015,87.73,,
02/17/2015,87.52,,
02/13/2015,87.14,,
02/12/2015,87.52,,
02/11/2015,84.46,,
02/10/2015,84.23,,
02/09/2015,84.59,,
02/06/2015,84.16,,
02/05/2015,85.82,,
02/04/2015,84.18,,
02/03/2015,83.81,,
02/02/2015,82.98,,
01/30/2015,82.03,,
01/29/2015,81.38,,
01/28/2015,80.74,,
01/27/2015,81.77,,
01/26/2015,83.6,,
01/23/2015,84.39,,
01/22/2015,84.38,,
01/21/2015,83.72,,
01/20/2015,84.26,,
01/16/2015,83.8,,
01/15/2015,82.25,,
01/14/2015,83.46,,
01/13/2015,83.55,,
01/12/2015,83.36,,
01/09/2015,84.44,,
01/08/2015,85.53,,
01/07/2015,84.22,,
01/06/2015,83.09,,
01/05/2015,83.27,,
01/02/2015,85.68,,
12/31/2014,86.16,,
12/30/2014,86.97,,
12/29/2014,87.68,,
12/26/2014,87.77,,
12/24/2014,87.77,,
12/23/2014,87.63,,
12/22/2014,86.83,,
12/19/2014,86.44,,
12/18/2014,86.92,,
12/17/2014,84.73,,
12/16/2014,82.64,,
12/15/2014,84.61,,
12/12/2014,84.13,,
12/11/2014,87.69,,
12/10/2014,86.33,,
12/09/2014,87.84,,
12/08/2014,88.04,,
12/05/2014,89.08,,
12/04/2014,88.77,,
12/03/2014,88.32,,
12/02/2014,87.69,,
12/01/2014,87.46,,
11/28/2014,87.29,,
11/26/2014,86.56,,
11/25/2014,86.34,,
11/24/2014,84.99,,
11/21/2014,84.72,,
11/20/2014,84.6,,
11/19/2014,84.28,,
11/18/2014,83.9,,
11/17/2014,83.2,,
11/14/2014,84.05,,
11/13/2014,84.2,,
11/12/2014,84.35,,
11/11/2014,84.59,,
11/10/2014,84.85,,
11/07/2014,84.8,,
11/06/2014,85.75,,
11/05/2014,85.99,,
11/04/2014,83.99,,
11/03/2014,84.13,,
10/31/2014,83.75,,
10/30/2014,83.13,,
10/29/2014,75.99,,
10/28/2014,76,,
10/27/2014,74.11,,
10/24/2014,74,,
10/23/2014,74.09,,
10/22/2014,73.22,,
10/21/2014,74.16,,
10/20/2014,72.04,,
10/17/2014,71.56,,
10/16/2014,70.86,,
10/15/2014,71.3,,
10/14/2014,71,,
10/13/2014,69.78,,
10/10/2014,70.5,,
10/09/2014,71.83,,
10/08/2014,74.06,,
10/07/2014,72.94,,
10/06/2014,74.51,,
10/03/2014,74.33,,
10/02/2014,73.42,,
10/01/2014,73.32,,
09/30/2014,73.92,,
09/29/2014,74.52,,
09/26/2014,75.06,,
09/25/2014,74.72,,
09/24/2014,77.05,,
09/23/2014,75.51,,
09/22/2014,76.16,,
09/19/2014,77.28,,
09/18/2014,77.8,,
09/17/2014,76.22,,
09/16/2014,76.59,,
09/15/2014,75.24,,
09/12/2014,75.47,,
09/11/2014,75.62,,
09/10/2014,76.65,,
09/09/2014,76.07,,
09/08/2014,76.23,,
09/05/2014,76.86,,
09/04/2014,76.38,,
09/03/2014,75.94,,
09/02/2014,75.58,,
08/29/2014,75.81,,
08/28/2014,76.16,,
08/27/2014,76.64,,
08/26/2014,77,,
08/25/2014,76.43,,
08/22/2014,76.48,,
08/21/2014,76.99,,
08/20/2014,76.39,,
08/19/2014,76.4,,
08/18/2014,76.77,,
08/15/2014,75.21,,
08/14/2014,76.05,,
08/13/2014,76.3,,
08/12/2014,75.63,,
08/11/2014,75.63,,
08/08/2014,75.17,,
08/07/2014,74.06,,
08/06/2014,75.36,,
08/05/2014,75.2,,
08/04/2014,75.68,,
08/01/2014,74.98,,
07/31/2014,74.15,,
07/30/2014,75.91,,
07/29/2014,75.89,,
07/28/2014,76.19,,
07/25/2014,75.75,,
07/24/2014,77.57,,
07/23/2014,77.74,,
07/22/2014,78.27,,
07/21/2014,77.35,,
07/18/2014,77.5,,
07/17/2014,76.39,,
07/16/2014,78.31,,
07/15/2014,78.32,,
07/14/2014,77.33,,
07/11/2014,75.83,,
07/10/2014,75.47,,
07/09/2014,76.63,,
07/08/2014,75.69,,
07/07/2014,76.18,,
07/03/2014,76.74,,
07/02/2014,76.2,,
07/01/2014,75.53,,
06/30/2014,73.47,,
06/27/2014,73.4,,
06/26/2014,72.77,,
06/25/2014,73.04,,
06/24/2014,72.7,,
06/23/2014,74.14,,
06/20/2014,73.81,,
06/19/2014,74.27,,
06/18/2014,75.12,,
06/17/2014,74.98,,
06/16/2014,75.11,,
06/13/2014,75.94,,
06/12/2014,75.72,,
06/11/2014,76.87,,
06/10/2014,77.36,,
06/09/2014,76.86,,
06/06/2014,77.47,,
06/05/2014,76.84,,
06/04/2014,76.32,,
06/03/2014,76.35,,
06/02/2014,77.05,,
05/30/2014,76.45,,
05/29/2014,76.79,,
05/28/2014,76.93,,
05/27/2014,77.03,,
05/23/2014,76.45,,
05/22/2014,75.75,,
05/21/2014,75.63,,
05/20/2014,73.65,,
05/19/2014,73.86,,
05/16/2014,73.75,,
05/15/2014,73.08,,
05/14/2014,74.1,,
05/13/2014,74.83,,
05/12/2014,75.02,,
05/09/2014,74.38,,
05/08/2014,74.24,,
05/07/2014,73.87,,
05/06/2014,73.81,,
05/05/2014,74.82,,
05/02/2014,73.78,,
05/01/2014,74.22,,
04/30/2014,73.55,,
04/29/2014,72.03,,
04/28/2014,71.24,,
04/25/2014,70.66,,
04/24/2014,74.35,,
04/23/2014,73.36,,
04/22/2014,74.53,,
04/21/2014,74.31,,
04/17/2014,74.13,,
04/16/2014,73.93,,
04/15/2014,72.15,,
04/14/2014,71.18,,
04/11/2014,68.68,,
04/10/2014,71.17,,
04/09/2014,73.56,,
04/08/2014,71.52,,
04/07/2014,71.33,,
04/04/2014,72.18,,
04/03/2014,74.53,,
04/02/2014,74.7,,
04/01/2014,74.81,,
03/31/2014,74.7,,
03/28/2014,73.22,,
03/27/2014,73.34,,
03/26/2014,73.71,,
03/25/2014,75.28,,
03/24/2014,77.39,,
03/21/2014,75.99,,
03/20/2014,78.41,,
03/19/2014,78.31,,
03/18/2014,78.92,,
03/17/2014,77.83,,
03/14/2014,76.34,,
03/13/2014,76.62,,
03/12/2014,78.34,,
03/11/2014,77.9,,
03/10/2014,77.39,,
03/07/2014,77.94,,
03/06/2014,77.63,,
03/05/2014,78.2,,
03/04/2014,78.5,,
03/03/2014,76.73,,
02/28/2014,77.72,,
02/27/2014,77.76,,
02/26/2014,77.36,,
02/25/2014,76.74,,
02/24/2014,75.96,,
02/21/2014,75.7,,
02/20/2014,75.86,,
02/19/2014,76.65,,
02/18/2014,77.49,,
02/14/2014,77.39,,
02/13/2014,76.53,,
02/12/2014,75.97,,
02/11/2014,76.19,,
02/10/2014,76.35,,
02/07/2014,76.31,,
02/06/2014,74.9,,
02/05/2014,72.84,,
02/04/2014,73.12,,
02/03/2014,73.91,,
01/31/2014,75.68,,
01/30/2014,79.76,,
01/29/2014,77.7,,
01/28/2014,78.83,,
01/27/2014,76.05,,
01/24/2014,78.51,,
01/23/2014,82.36,,
01/22/2014,83.3,,
01/21/2014,81.85,,
01/17/2014,81.84,,
01/16/2014,82.55,,
01/15/2014,82.34,,
01/14/2014,82.17,,
01/13/2014,81,,
01/10/2014,83.48,,
01/09/2014,84.36,,
01/08/2014,83.68,,
01/07/2014,83.71,,
01/06/2014,82.67,,
01/03/2014,83.08,,
01/02/2014,83.41,,
12/31/2013,83.55,,
12/30/2013,83.33,,
12/27/2013,82.79,,
12/26/2013,82.19,,
12/24/2013,81.32,,
12/23/2013,81.51,,
12/20/2013,81.7,,
12/19/2013,80.54,,
12/18/2013,80.21,,
12/17/2013,79.8,,
12/16/2013,79.67,,
12/13/2013,78.8,,
12/12/2013,78.25,,
12/11/2013,79.06,,
12/10/2013,76.36,,
12/09/2013,75.89,,
12/06/2013,75.85,,
12/05/2013,75.15,,
12/04/2013,74.82,,
12/03/2013,75.41,,
12/02/2013,75.61,,
11/29/2013,76.08,,
11/27/2013,76.04,,
11/26/2013,75.7,,
11/25/2013,75.65,,
11/22/2013,75.44,,
11/21/2013,74.7,,
11/20/2013,74.59,,
11/19/2013,74.69,,
11/18/2013,75.45,,
11/15/2013,75.23,,
11/14/2013,74.35,,
11/13/2013,73.55,,
11/12/2013,73.77,,
11/11/2013,74.12,,
11/08/2013,73.45,,
11/07/2013,72.13,,
11/06/2013,73.39,,
11/05/2013,73.64,,
11/04/2013,72.84,,
11/01/2013,73.75,,
10/31/2013,71.71,,
10/30/2013,72.57,,
10/29/2013,73.24,,
10/28/2013,72.99,,
10/25/2013,72.38,,
10/24/2013,72.47,,
10/23/2013,71.1,,
10/22/2013,71.87,,
10/21/2013,71.78,,
10/18/2013,71.52,,
10/17/2013,70.46,,
10/16/2013,69.55,,
10/15/2013,68.64,,
10/14/2013,68.91,,
10/11/2013,68.42,,
10/10/2013,67.86,,
10/09/2013,65.72,,
10/08/2013,65.39,,
10/07/2013,66.61,,
10/04/2013,67.33,,
10/03/2013,66.91,,
10/02/2013,67.63,,
10/01/2013,67.78,,
09/30/2013,67.28,,
09/27/2013,68.19,,
09/26/2013,67.76,,
09/25/2013,67.19,,
09/24/2013,68.54,,
09/23/2013,68.3,,
09/20/2013,68.57,,
09/19/2013,68.64,,
09/18/2013,68.76,,
09/17/2013,67.92,,
09/16/2013,67.1,,
09/13/2013,66.64,,
09/12/2013,66.75,,
09/11/2013,65.85,,
09/10/2013,65.15,,
09/09/2013,64.04,,
09/06/2013,63.66,,
09/05/2013,62.9,,
09/04/2013,62.34,,
09/03/2013,62.34,,
08/30/2013,60.61,,
08/29/2013,61.26,,
08/28/2013,61.06,,
08/27/2013,60.79,,
08/26/2013,61.52,,
08/23/2013,62.61,,
08/22/2013,62.11,,
08/21/2013,61.93,,
08/20/2013,62.24,,
08/19/2013,61.99,,
08/16/2013,61.82,,
08/15/2013,61.87,,
08/14/2013,63,,
08/13/2013,63.33,,
08/12/2013,63.07,,
08/09/2013,63.8,,
08/08/2013,64.58,,
08/07/2013,64.63,,
08/06/2013,65.4,,
08/05/2013,64.25,,
08/02/2013,64.56,,
08/01/2013,64.64,,
07/31/2013,61.06,,
07/30/2013,60.14,,
07/29/2013,59.7,,
07/26/2013,59.81,,
07/25/2013,59.9,,
07/24/2013,59.1,,
07/23/2013,59.8,,
07/22/2013,60.26,,
07/19/2013,59.33,,
07/18/2013,59.69,,
07/17/2013,59.34,,
07/16/2013,58.98,,
07/15/2013,59.59,,
07/12/2013,59.89,,
07/11/2013,60.1,,
07/10/2013,59.09,,
07/09/2013,59.36,,
07/08/2013,58.93,,
07/05/2013,59.5,,
07/03/2013,58.62,,
07/02/2013,58.31,,
07/01/2013,58.32,,
06/28/2013,57.45,,
06/27/2013,57.07,,
06/26/2013,57,,
06/25/2013,56.46,,
06/24/2013,56.26,,
06/21/2013,57.33,,
06/20/2013,57.27,,
06/19/2013,58.64,,
06/18/2013,58.44,,
06/17/2013,57.82,,
06/14/2013,57.12,,
06/13/2013,57.37,,
06/12/2013,55.8,,
06/11/2013,56.04,,
06/10/2013,56.58,,
06/07/2013,56.62,,
06/06/2013,56.49,,
06/05/2013,55.96,,
06/04/2013,56.82,,
06/03/2013,57.59,,
05/31/2013,57.02,,
05/30/2013,57.62,,
05/29/2013,57.3,,
05/28/2013,57.57,,
05/24/2013,57.15,,
05/23/2013,56.97,,
05/22/2013,57.67,,
05/21/2013,58.48,,
05/20/2013,58.33,,
05/17/2013,58.48,,
05/16/2013,57.01,,
05/15/2013,57.44,,
05/14/2013,56.97,,
05/13/2013,55.58,,
05/10/2013,55.51,,
05/09/2013,55.19,,
05/08/2013,55.37,,
05/07/2013,55.13,,
05/06/2013,54.77,,
05/03/2013,55.35,,
05/02/2013,54.55,,
05/01/2013,53.98,,
04/30/2013,55.29,,
04/29/2013,53.9,,
04/26/2013,53.53,,
04/25/2013,53.51,,
04/24/2013,53.2,,
04/23/2013,53.1,,
04/22/2013,52.21,,
04/19/2013,52.2,,
04/18/2013,52.1,,
04/17/2013,52.58,,
04/16/2013,53.16,,
04/15/2013,52.17,,
04/12/2013,53.3,,
04/11/2013,54.12,,
04/10/2013,53.44,,
04/09/2013,52.76,,
04/08/2013,53.44,,
04/05/2013,53.16,,
04/04/2013,53.42,,
04/03/2013,53.33,,
04/02/2013,54.06,,
04/01/2013,53.72,,
03/28/2013,54.11,,
03/27/2013,53.8,,
03/26/2013,53.55,,
03/25/2013,52,,
03/22/2013,51.75,,
03/21/2013,51.4,,
03/20/2013,51.86,,
03/19/2013,51.16,,
03/18/2013,51.5,,
03/15/2013,51.94,,
03/14/2013,52.72,,
03/13/2013,52.75,,
03/12/2013,52.32,,
03/11/2013,53.09,,
03/08/2013,52.92,,
03/07/2013,52.67,,
03/06/2013,52.76,,
03/05/2013,52.71,,
03/04/2013,52.14,,
03/01/2013,51.83,,
02/28/2013,51.78,,
02/27/2013,51.52,,
02/26/2013,50.97,,
02/25/2013,51.09,,
02/22/2013,52.38,,
02/21/2013,51.96,,
02/20/2013,51.29,,
02/19/2013,52.29,,
02/15/2013,52.31,,
02/14/2013,52.22,,
02/13/2013,51.92,,
02/12/2013,51.96,,
02/11/2013,52.09,,
02/08/2013,52.45,,
02/07/2013,51.95,,
02/06/2013,52.35,,
02/05/2013,52.07,,
02/04/2013,51.42,,
02/01/2013,51.87,,
01/31/2013,51.84,,
01/30/2013,51.6,,
01/29/2013,51.85,,
01/28/2013,51.41,,
01/25/2013,51.94,,
01/24/2013,52.23,,
01/23/2013,51.76,,
01/22/2013,51.98,,
01/18/2013,52.1,,
01/17/2013,52.34,,
01/16/2013,52.13,,
01/15/2013,52.28,,
01/14/2013,52.35,,
01/11/2013,52.87,,
01/10/2013,52.77,,
01/09/2013,53.24,,
01/08/2013,51.78,,
01/07/2013,51.95,,
01/04/2013,51.1,,
01/03/2013,51.1,,
01/02/2013,51.03,,
12/31/2012,49.13,,
12/28/2012,48.31,,
12/27/2012,48.79,,
12/26/2012,48.62,,
12/24/2012,49.5,,
12/21/2012,49.36,,
12/20/2012,49.85,,
12/19/2012,48.94,,
12/18/2012,49.29,,
12/17/2012,48.93,,
12/14/2012,48.23,,
12/13/2012,48.44,,
12/12/2012,48.34,,
12/11/2012,48.15,,
12/10/2012,47.96,,
12/07/2012,47.61,,
12/06/2012,48.09,,
12/05/2012,47.8,,
12/04/2012,48.34,,
12/03/2012,48.66,,
11/30/2012,48.87,,
11/29/2012,48.62,,
11/28/2012,48.15,,
11/27/2012,47.85,,
11/26/2012,48,,
11/23/2012,48.12,,
11/21/2012,47.94,,
11/20/2012,47.76,,
11/19/2012,47.87,,
11/16/2012,46.46,,
11/15/2012,45.72,,
11/14/2012,46.33,,
11/13/2012,47.12,,
11/12/2012,47,,
11/09/2012,46.47,,
11/08/2012,46.18,,
11/07/2012,46.47,,
11/06/2012,47.18,,
11/05/2012,46.56,,
11/02/2012,46.95,,
11/01/2012,46.87,,
10/31/2012,46.09,,
10/26/2012,45.3,,
10/25/2012,44.94,,
10/24/2012,45.45,,
10/23/2012,45.99,,
10/22/2012,46.69,,
10/19/2012,47.01,,
10/18/2012,47.58,,
10/17/2012,48.3,,
10/16/2012,47.9,,
10/15/2012,47.58,,
10/12/2012,47.34,,
10/11/2012,47.26,,
10/10/2012,46.21,,
10/09/2012,46.49,,
10/08/2012,47.19,,
10/05/2012,47.53,,
10/04/2012,47.49,,
10/03/2012,47.38,,
10/02/2012,45.77,,
10/01/2012,45.69,,
09/28/2012,45.15,,
09/27/2012,45.22,,
09/26/2012,44.58,,
09/25/2012,45.15,,
09/24/2012,45.53,,
09/21/2012,45.95,,
09/20/2012,45.42,,
09/19/2012,45.19,,
09/18/2012,45.3,,
09/17/2012,45.35,,
09/14/2012,45.42,,
09/13/2012,45.53,,
09/12/2012,44.64,,
09/11/2012,44.29,,
09/10/2012,43.75,,
09/07/2012,43.62,,
09/06/2012,43.26,,
09/05/2012,42.21,,
09/04/2012,42.44,,
08/31/2012,42.29,,
08/30/2012,42.09,,
08/29/2012,42.58,,
08/28/2012,42.46,,
08/27/2012,42.34,,
08/24/2012,42.24,,
08/23/2012,41.83,,
08/22/2012,42.12,,
08/21/2012,42.33,,
08/20/2012,42.72,,
08/17/2012,42.68,,
08/16/2012,42.85,,
08/15/2012,42.71,,
08/14/2012,42.81,,
08/13/2012,42.56,,
08/10/2012,42.6,,
08/09/2012,42.59,,
08/08/2012,42.45,,
08/07/2012,41.64,,
08/06/2012,41.98,,
08/03/2012,42.41,,
08/02/2012,42.34,,
08/01/2012,42.72,,
07/31/2012,43.66,,
07/30/2012,44.12,,
07/27/2012,43.67,,
07/26/2012,42.38,,
07/25/2012,41.23,,
07/24/2012,40.99,,
07/23/2012,41.6,,
07/20/2012,42.31,,
07/19/2012,42.79,,
07/18/2012,43.68,,
07/17/2012,43.57,,
07/16/2012,43.69,,
07/13/2012,42.96,,
07/12/2012,42.42,,
07/11/2012,41.99,,
07/10/2012,42.02,,
07/09/2012,43.13,,
07/06/2012,44.16,,
07/05/2012,44.41,,
07/03/2012,44.18,,
07/02/2012,43.99,,
06/29/2012,43.01,,
06/28/2012,42.13,,
06/27/2012,43.19,,
06/26/2012,43.22,,
06/25/2012,42.85,,
06/22/2012,43.51,,
06/21/2012,42.12,,
06/20/2012,42.88,,
06/19/2012,42.76,,
06/18/2012,42.56,,
06/15/2012,42.67,,
06/14/2012,41.91,,
06/13/2012,40.98,,
06/12/2012,41.77,,
06/11/2012,41.38,,
06/08/2012,41.66,,
06/07/2012,41.57,,
06/06/2012,42,,
06/05/2012,40.82,,
06/04/2012,40.03,,
06/01/2012,39.18,,
05/31/2012,40.65,,
05/30/2012,41.16,,
05/29/2012,41.6,,
05/25/2012,41.4,,
05/24/2012,41.98,,
05/23/2012,41.71,,
05/22/2012,41.34,,
05/21/2012,41.06,,
05/18/2012,39.46,,
05/17/2012,39.86,,
05/16/2012,40.94,,
05/15/2012,41.45,,
05/14/2012,41.44,,
05/11/2012,42.24,,
05/10/2012,42.3,,
05/09/2012,42.28,,
05/08/2012,43.16,,
05/07/2012,43.61,,
05/04/2012,43.97,,
05/03/2012,44.24,,
05/02/2012,45.15,,
05/01/2012,45.59,,
04/30/2012,45.23,,
04/27/2012,45.76,,
04/26/2012,45.4,,
04/25/2012,44.51,,
04/24/2012,43.03,,
04/23/2012,43.03,,
04/20/2012,44.04,,
04/19/2012,43.68,,
04/18/2012,43.67,,
04/17/2012,43.84,,
04/16/2012,43.27,,
04/13/2012,44.05,,
04/12/2012,43.4,,
04/11/2012,43,,
04/10/2012,42.47,,
04/09/2012,43.93,,
04/05/2012,43.98,,
04/04/2012,43.09,,
04/03/2012,43.8,,
04/02/2012,43.2,,
03/30/2012,42.05,,
03/29/2012,42.82,,
03/28/2012,42.75,,
03/27/2012,43.07,,
03/26/2012,43.57,,
03/23/2012,42.4,,
03/22/2012,41.68,,
03/21/2012,41.79,,
03/20/2012,41.9,,
03/19/2012,42.51,,
03/16/2012,42.02,,
03/15/2012,41.95,,
03/14/2012,42.14,,
03/13/2012,42.32,,
03/12/2012,41.99,,
03/09/2012,41.95,,
03/08/2012,41.73,,
03/07/2012,41.17,,
03/06/2012,40.83,,
03/05/2012,41.76,,
03/02/2012,41.28,,
03/01/2012,42.04,,
02/29/2012,42,,
02/28/2012,42.4,,
02/27/2012,42.14,,
02/24/2012,41.56,,
02/23/2012,40.61,,
02/22/2012,40.68,,
02/21/2012,39.95,,
02/17/2012,39.6,,
02/16/2012,39.31,,
02/15/2012,39.3,,
02/14/2012,39.55,,
02/13/2012,39.66,,
02/10/2012,39.61,,
02/09/2012,39.64,,
02/08/2012,39.49,,
02/07/2012,39.29,,
02/06/2012,39.13,,
02/03/2012,39.03,,
02/02/2012,38.16,,
02/01/2012,35.76,,
01/31/2012,35.56,,
01/30/2012,35.2,,
01/27/2012,34.88,,
01/26/2012,34.78,,
01/25/2012,34.88,,
01/24/2012,34.27,,
01/23/2012,33.91,,
01/20/2012,34.07,,
01/19/2012,35.29,,
01/18/2012,35.24,,
01/17/2012,34.6,,
01/13/2012,33.91,,
01/12/2012,34.33,,
01/11/2012,34.15,,
01/10/2012,34.88,,
01/09/2012,34.58,,
01/06/2012,34.29,,
01/05/2012,35.24,,
01/04/2012,35.62,,
01/03/2012,36.84,,
12/30/2011,37.28,,
12/29/2011,37.83,,
12/28/2011,37.38,,
12/27/2011,37.48,,
12/23/2011,37.81,,
12/22/2011,37.12,,
12/21/2011,37.42,,
12/20/2011,37.39,,
12/19/2011,35.87,,
12/16/2011,36.22,,
12/15/2011,35.92,,
12/14/2011,36.11,,
12/13/2011,36.89,,
12/12/2011,37.13,,
12/09/2011,37.74,,
12/08/2011,36.93,,
12/07/2011,37.44,,
12/06/2011,37.13,,
12/05/2011,37.28,,
12/02/2011,37.84,,
12/01/2011,38.1,,
11/30/2011,37.45,,
11/29/2011,35.77,,
11/28/2011,35.92,,
11/25/2011,34.62,,
11/23/2011,34.7,,
11/22/2011,35.45,,
11/21/2011,35.18,,
11/18/2011,36.04,,
11/17/2011,35.94,,
11/16/2011,36.1,,
11/15/2011,37.13,,
11/14/2011,36.73,,
11/11/2011,37.02,,
11/10/2011,36.01,,
11/09/2011,35.74,,
11/08/2011,36.81,,
11/07/2011,36.59,,
11/04/2011,36.01,,
11/03/2011,36.66,,
11/02/2011,35.77,,
11/01/2011,33.43,,
10/31/2011,34.72,,
10/28/2011,35.46,,
10/27/2011,34.91,,
10/26/2011,32.91,,
10/25/2011,32.75,,
10/24/2011,34.07,,
10/21/2011,33.34,,
10/20/2011,32.57,,
10/19/2011,32.38,,
10/18/2011,33.99,,
10/17/2011,33.51,,
10/14/2011,34.16,,
10/13/2011,33.6,,
10/12/2011,32.8,,
10/11/2011,32.95,,
10/10/2011,32.58,,
10/07/2011,31.15,,
10/06/2011,31.63,,
10/05/2011,31.33,,
10/04/2011,30.77,,
10/03/2011,31.09,,
09/30/2011,31.72,,
09/29/2011,32.84,,
09/28/2011,32.98,,
09/27/2011,33.81,,
09/26/2011,33.44,,
09/23/2011,33.7,,
09/22/2011,33.1,,
09/21/2011,34.1,,
09/20/2011,35.38,,
09/19/2011,34.8,,
09/16/2011,34.7,,
09/15/2011,34.79,,
09/14/2011,33.72,,
09/13/2011,32.89,,
09/12/2011,32.2,,
09/09/2011,32.2,,
09/08/2011,33.79,,
09/07/2011,33.91,,
09/06/2011,32.3,,
09/02/2011,32.07,,
09/01/2011,33.01,,
08/31/2011,32.97,,
08/30/2011,32.97,,
08/29/2011,32.74,,
08/26/2011,32.53,,
08/25/2011,32.29,,
08/24/2011,32.52,,
08/23/2011,32.24,,
08/22/2011,30.6,,
08/19/2011,30.02,,
08/18/2011,30.49,,
08/17/2011,32.62,,
08/16/2011,33.5,,
08/15/2011,33.5,,
08/12/2011,32.81,,
08/11/2011,32.74,,
08/10/2011,30.37,,
08/09/2011,32.28,,
08/08/2011,29.2,,
08/05/2011,32.65,,
08/04/2011,32.26,,
08/03/2011,33.85,,
08/02/2011,29.85,,
08/01/2011,30.41,,
07/29/2011,30.32,,
07/28/2011,30.69,,
07/27/2011,30.31,,
07/26/2011,31.28,,
07/25/2011,31.64,,
07/22/2011,31.41,,
07/21/2011,31.05,,
07/20/2011,30.83,,
07/19/2011,31.14,,
07/18/2011,30.75,,
07/15/2011,30.75,,
07/14/2011,30.57,,
07/13/2011,30.59,,
07/12/2011,30.39,,
07/11/2011,30.75,,
07/08/2011,31.53,,
07/07/2011,31.9,,
07/06/2011,31.29,,
07/05/2011,31.6,,
07/01/2011,31.45,,
06/30/2011,30.13,,
06/29/2011,30.97,,
06/28/2011,27.82,,
06/27/2011,27.26,,
06/24/2011,27.42,,
06/23/2011,27.31,,
06/22/2011,27.11,,
06/21/2011,27.4,,
06/20/2011,27,,
06/17/2011,26.61,,
06/16/2011,26.67,,
06/15/2011,27.05,,
06/14/2011,27.41,,
06/13/2011,26.74,,
06/10/2011,26.7,,
06/09/2011,27.17,,
06/08/2011,27,,
06/07/2011,27.42,,
06/06/2011,27.19,,
06/03/2011,27.71,,
06/02/2011,28.27,,
06/01/2011,28.07,,
05/31/2011,28.7,,
05/27/2011,28.52,,
05/26/2011,28.21,,
05/25/2011,27.45,,
05/24/2011,27.01,,
05/23/2011,27.2,,
05/20/2011,27.76,,
05/19/2011,28.41,,
05/18/2011,28.14,,
05/17/2011,28.2,,
05/16/2011,27.91,,
05/13/2011,28,,
05/12/2011,28.21,,
05/11/2011,27.81,,
05/10/2011,28.11,,
05/09/2011,27.88,,
05/06/2011,27.43,,
05/05/2011,27.45,,
05/04/2011,28.24,,
05/03/2011,28.24,,
05/02/2011,27.53,,
04/29/2011,27.59,,
04/28/2011,27.47,,
04/27/2011,27.54,,
04/26/2011,27.64,,
04/25/2011,27.14,,
04/21/2011,27.33,,
04/20/2011,27,,
04/19/2011,26.71,,
04/18/2011,26.5,,
04/15/2011,26.76,,
04/14/2011,26.89,,
04/13/2011,26.98,,
04/12/2011,26.3,,
04/11/2011,26.66,,
04/08/2011,26.31,,
04/07/2011,26.52,,
04/06/2011,26.55,,
04/05/2011,26.29,,
04/04/2011,26.12,,
04/01/2011,25.36,,
03/31/2011,25.17,,
03/30/2011,25.37,,
03/29/2011,25.17,,
03/28/2011,25.24,,
03/25/2011,24.77,,
03/24/2011,25.23,,
03/23/2011,24.69,,
03/22/2011,24.68,,
03/21/2011,24.8,,
03/18/2011,24.17,,
03/17/2011,24.38,,
03/16/2011,24.43,,
03/15/2011,24.46,,
03/14/2011,24.88,,
03/11/2011,24.84,,
03/10/2011,24.36,,
03/09/2011,24.8,,
03/08/2011,24.9,,
03/07/2011,24.73,,
03/04/2011,24.98,,
03/03/2011,25.16,,
03/02/2011,24.62,,
03/01/2011,24.04,,
02/28/2011,24.06,,
02/25/2011,24.67,,
02/24/2011,24.42,,
02/23/2011,24.41,,
02/22/2011,24.74,,
02/18/2011,25.07,,
02/17/2011,25.18,,
02/16/2011,25.44,,
02/15/2011,25.61,,
02/14/2011,25.5,,
02/11/2011,25.35,,
02/10/2011,25.21,,
02/09/2011,24.85,,
02/08/2011,24.96,,
02/07/2011,25,,
02/04/2011,24.72,,
02/03/2011,24.54,,
02/02/2011,23.94,,
02/01/2011,23.82,,
01/31/2011,23.65,,
01/28/2011,23.49,,
01/27/2011,23.91,,
01/26/2011,24.02,,
01/25/2011,24.15,,
01/24/2011,23.9,,
01/21/2011,23.35,,
01/20/2011,23.51,,
01/19/2011,23.54,,
01/18/2011,23.76,,
01/14/2011,23.69,,
01/13/2011,23.35,,
01/12/2011,23.28,,
01/11/2011,22.94,,
01/10/2011,23.02,,
01/07/2011,23.11,,
01/06/2011,23.11,,
01/05/2011,23.03,,
01/04/2011,22.37,,
01/03/2011,22.09,,
12/31/2010,22.41,,
12/30/2010,22.37,,
12/29/2010,22.55,,
12/28/2010,22.45,,
12/27/2010,22.46,,
12/23/2010,21.83,,
12/22/2010,21.74,,
12/21/2010,21.98,,
12/20/2010,22.35,,
12/17/2010,22.13,,
12/16/2010,22.35,,
12/15/2010,24.92,,
12/14/2010,25.41,,
12/13/2010,25.93,,
12/10/2010,25.48,,
12/09/2010,25.12,,
12/08/2010,25.06,,
12/07/2010,24.68,,
12/06/2010,25.32,,
12/03/2010,24.91,,
12/02/2010,24.92,,
12/01/2010,24.82,,
11/30/2010,23.7,,
11/29/2010,23.56,,
11/26/2010,23.52,,
11/24/2010,23.78,,
11/23/2010,23.57,,
11/22/2010,24.34,,
11/19/2010,24.39,,
11/18/2010,24.25,,
11/17/2010,23.46,,
11/16/2010,23.31,,
11/15/2010,24.29,,
11/12/2010,24.32,,
11/11/2010,25.21,,
11/10/2010,25.36,,
11/09/2010,25.15,,
11/08/2010,25.28,,
11/05/2010,25.63,,
11/04/2010,25.49,,
11/03/2010,25.18,,
11/02/2010,24.6,,
11/01/2010,23.9,,
