Date,price_V,price_AXP,ticker_A,ticker_B,spread,zscore,hedge_ratio
2021-11-01,205.79019165039065,165.68289184570312,V,AXP,0.3970980588981945,0.25810749366942576,1.2396759333653506
2021-11-02,202.5744171142578,164.69378662109375,V,AXP,-0.7998127849024002,0.16076335887155363,1.234862796415371
2021-11-03,201.5670623779297,164.1612091064453,V,AXP,-0.7669697963629858,0.16343446200350784,1.2325325408823917
2021-11-04,202.2256622314453,164.0851287841797,V,AXP,-0.010945150592021946,0.22492155221546944,1.2325102761020963
2021-11-05,209.86802673339844,168.04147338867188,V,AXP,2.201939308014005,0.40489429132664495,1.235802586335712
2021-11-08,213.56808471679688,171.23703002929688,V,AXP,1.6249941225005955,0.3579716402365548,1.2377176277703195
2021-11-09,206.6909942626953,171.0563201904297,V,AXP,-4.301788782910563,-0.12405052294319989,1.2334696713381688
2021-11-10,209.1604156494141,172.51145935058594,V,AXP,-3.166492667436046,-0.03171748187112507,1.2307988647023695
2021-11-11,204.1729888916016,172.42584228515625,V,AXP,-7.135083032524619,-0.354480866844751,1.2255011726993155
2021-11-12,205.79345703125,172.98695373535156,V,AXP,-5.565089781233809,-0.2267941343892936,1.2218178437654668
2021-11-15,205.9971923828125,174.16627502441406,V,AXP,-6.1629749683414445,-0.2754198248898911,1.2181472407411482
2021-11-16,208.79168701171875,172.064453125,V,AXP,-0.7380498720751234,0.16578650436556278,1.217739824108681
2021-11-17,198.9721527099609,170.81857299804688,V,AXP,-8.311174725246985,-0.45013179094156447,1.2134706653800342
2021-11-18,197.29348754882807,167.5850067138672,V,AXP,-5.60801964948385,-0.23028559818831584,1.210737828979795
2021-11-19,194.8968505859375,165.04568481445312,V,AXP,-4.579845883760129,-0.14666476196258924,1.2086150370665696
2021-11-22,189.7735748291016,162.534912109375,V,AXP,-6.220306758985743,-0.2800825895273646,1.205857123521848
2021-11-23,192.59719848632807,162.4873504638672,V,AXP,-3.126071648917673,-0.028430061512541276,1.204544658870349
2021-11-24,197.2158966064453,163.21017456054688,V,AXP,0.5840682798266528,0.2733136842420295,1.204776778506987
2021-11-26,191.78211975097656,149.14407348632812,V,AXP,11.391532412582478,1.1522791066134737,1.2095055681507203
2021-11-29,190.46250915527344,150.13314819335938,V,AXP,8.378751564965,0.9072512112894816,1.2128151562891312
2021-11-30,188.01731872558597,144.84535217285156,V,AXP,11.681065423154308,1.1758266753864688,1.2174105047706354
2021-12-01,184.51449584960935,142.7149658203125,V,AXP,10.211101288472804,1.0562752588247244,1.2213392867332213
2021-12-02,192.40313720703125,149.0965118408203,V,AXP,9.786513494020767,1.0217437549029869,1.2248215699906997
2021-12-03,190.4916229248047,148.30715942382812,V,AXP,8.409727655210645,0.9097704805566965,1.2277350330016463
2021-12-06,196.6627655029297,152.8151397705078,V,AXP,8.616568342344436,0.9265927257843375,1.2305469042071757
2021-12-07,201.2135772705078,158.7782440185547,V,AXP,5.559848647723953,0.6779913069454758,1.2322451972697213
2021-12-08,202.7854766845703,160.66131591796875,V,AXP,4.594234553697191,0.5994584161971602,1.2335965319247515
2021-12-09,205.1142120361328,159.79586791992188,V,AXP,7.638275392873879,0.8470286703341595,1.2358012707951846
2021-12-10,207.06455993652344,158.85433959960938,V,AXP,10.2882631134039,1.0625507898103839,1.2387215692003886
2021-12-13,204.7552032470703,155.3069305419922,V,AXP,11.85003868259966,1.189569182466156,1.2420898661203827
2021-12-14,203.74606323242188,154.87892150878906,V,AXP,10.900754908375433,1.1123644281119454,1.2451359193710738
2021-12-15,206.0068817138672,154.29879760742188,V,AXP,13.31810971171339,1.308966633739232,1.2488028098080612
2021-12-16,208.00575256347656,155.0216064453125,V,AXP,13.836628127641688,1.3511374661255686,1.2525294304980163
2021-12-17,205.58966064453125,152.17791748046875,V,AXP,14.391170814427596,1.3962381336759202,1.2564141565062683
2021-12-20,202.54290771484372,148.25961303710938,V,AXP,15.634878954756601,1.4973882681980262,1.2606806731196853
2021-12-21,208.9857635498047,153.0338897705078,V,AXP,15.442960506105436,1.481779640844985,1.264705506302815
2021-12-22,211.48915100097656,154.51756286621094,V,AXP,15.46145580832166,1.4832838541298665,1.2686434574585255
2021-12-23,210.1889190673828,156.15333557128906,V,AXP,11.633865411863923,1.171987923080639,1.271538983967922
2021-12-27,211.16896057128903,156.3435516357422,V,AXP,11.91439938271921,1.1948036046460313,1.2744661299034838
2021-12-28,211.57650756835935,156.36256408691406,V,AXP,11.847625657923686,1.1893729324275293,1.2773446321807338
2021-12-29,211.6929168701172,155.81097412109375,V,AXP,12.209533338476888,1.2188066953703818,1.280290972166088
2021-12-30,211.4018402099609,156.1248016357422,V,AXP,11.103215830083116,1.128830469301307,1.2829391761034765
2021-12-31,210.2762908935547,155.5922088623047,V,AXP,10.281559323307789,1.0620055740575545,1.2853775457821115
2022-01-03,214.85614013671875,159.97657775878906,V,AXP,8.900207289046108,0.9496609334162285,1.2874130434157103
2022-01-04,215.85557556152344,165.1122589111328,V,AXP,3.1727430564959604,0.48384925396565925,1.2881104886312422
2022-01-05,213.46859741210935,163.35279846191406,V,AXP,2.946015878678935,0.4654096508205493,1.288760177454285
2022-01-06,213.22604370117188,164.84970092773438,V,AXP,0.7475719041579794,0.286611348750031,1.2889223978037951
2022-01-07,210.5188446044922,166.2607879638672,V,AXP,-3.64874576516911,-0.07093887483917122,1.2881425199079743
2022-01-10,205.67697143554688,165.65061950683594,V,AXP,-7.4418135432840415,-0.3794270993403768,1.2865559187965252
2022-01-11,208.0154571533203,167.21426391601562,V,AXP,-6.8736938121799085,-0.3332222178553653,1.2851125611713938
2022-01-12,209.3059539794922,166.3466033935547,V,AXP,-4.317387700365771,-0.1253191747657859,1.2842062135434926
2022-01-13,208.61705017089844,165.22152709960938,V,AXP,-3.4418811306400414,-0.054114681982359684,1.2834824554895417
2022-01-14,208.2968292236328,160.55921936035156,V,AXP,2.1476311445038903,0.4004774367073261,1.2839449450514415
2022-01-18,209.3059539794922,158.43309020996094,V,AXP,5.6907106680064885,0.6886342468171337,1.2851812903582693
2022-01-19,208.3065490722656,153.8756103515625,V,AXP,10.198922472418928,1.0552847620656989,1.2874530677553542
2022-01-20,207.98634338378903,153.42750549316406,V,AXP,10.110465175209072,1.048090576209625,1.2897027659580653
2022-01-21,199.8163299560547,151.34901428222656,V,AXP,4.469083311618988,0.5892799309389789,1.2907070955887685
2022-01-24,195.857421875,151.5301513671875,V,AXP,0.2673198719983816,0.24755270140162047,1.2907668885583579
2022-01-25,196.00296020507807,165.0499267578125,V,AXP,-16.481242595589435,-1.114599150559603,1.2873934994982343
2022-01-26,199.75808715820312,167.1570587158203,V,AXP,-14.935807446016014,-0.9889097157110137,1.2843842566601693
2022-01-27,200.02978515625,163.89625549316406,V,AXP,-10.135618383523052,-0.598512842314123,1.2823075359921132
2022-01-28,221.2310943603516,168.81605529785156,V,AXP,4.602844327606135,0.6001586446196133,1.2832206607987384
2022-01-31,219.45541381835935,171.447509765625,V,AXP,-0.5318079416394426,0.18256005302316775,1.2831170429989291
2022-02-01,225.461669921875,174.99432373046875,V,AXP,0.89368843860791,0.298494930304466,1.2832872329570706
2022-02-02,228.43081665039065,175.58546447753906,V,AXP,3.004336478832954,0.4701528348198343,1.2838561599749865
2022-02-03,224.666015625,175.4710235595703,V,AXP,-0.5938351994141726,0.17751540849242473,1.2837438698130188
2022-02-04,221.6095123291016,177.19677734375,V,AXP,-5.677746962715133,-0.2359564842141511,1.2826828043881098
2022-02-07,220.4160614013672,179.1226806640625,V,AXP,-9.042631727290626,-0.5096208074999657,1.2810141757480646
2022-02-08,221.17286682128903,184.96728515625,V,AXP,-15.269033855602146,-1.0160108458419457,1.2782903770099578
2022-02-09,224.0158843994141,187.2555389404297,V,AXP,-14.861503893642976,-0.9828666465420566,1.275675954071775
2022-02-10,219.248779296875,186.406982421875,V,AXP,-17.955545066368302,-1.2345034017339231,1.2725077209093172
2022-02-11,218.37405395507807,182.8792266845703,V,AXP,-13.885132244804822,-0.903458849470451,1.2700140437518528
2022-02-14,219.00582885742188,183.39410400390625,V,AXP,-13.465594392633307,-0.869338054721099,1.2676057636242417
2022-02-15,221.4160919189453,188.76199340820312,V,AXP,-17.29321079863405,-1.1806361011128967,1.2646046929657273
2022-02-16,222.38796997070312,189.1433563232422,V,AXP,-16.271231049207785,-1.0975190210027763,1.2617900287866688
2022-02-17,218.2962951660156,186.59765625,V,AXP,-16.607981682909184,-1.1249067744432983,1.258881175518113
2022-02-18,216.43028259277344,185.80630493164065,V,AXP,-16.92520511974857,-1.1507063911454776,1.2559072621264118
2022-02-22,215.0988006591797,183.47991943359372,V,AXP,-14.8506001434248,-0.9819798502225663,1.2532673957589637
2022-02-23,209.8797607421875,180.1524200439453,V,AXP,-15.397653326614062,-1.0264714003508,1.2504823083356233
2022-02-24,211.1918029785156,179.58033752441406,V,AXP,-12.948659991661572,-0.8272960494451962,1.2481347683161867
2022-02-25,213.10641479492188,184.6908264160156,V,AXP,-16.864029306489897,-1.1457309941532403,1.2451644110542013
2022-02-28,210.0449676513672,185.48216247558597,V,AXP,-20.252497487816328,-1.4213133444258503,1.2416151616169364
2022-03-01,203.09597778320312,169.7694549560547,V,AXP,-7.450346455827116,-0.3801210766680231,1.2401896695346684
2022-03-02,202.61973571777344,171.91468811035156,V,AXP,-10.254227447376223,-0.6081592556286773,1.2382534936660354
2022-03-03,201.4048614501953,171.51426696777344,V,AXP,-10.628491443824032,-0.6385979513000447,1.2362432387846733
2022-03-04,194.659912109375,164.89735412597656,V,AXP,-8.904633158131958,-0.498397455829561,1.2344924898673015
2022-03-07,185.3394927978516,151.72084045410156,V,AXP,-1.8972689563080678,0.07150782071898257,1.234087296074545
2022-03-08,186.32113647460935,152.59800720214844,V,AXP,-1.9354451213521884,0.06840297312288224,1.2336765403926655
2022-03-09,194.14483642578125,160.79762268066406,V,AXP,-4.094868957546879,-0.10722184144458832,1.2328522155891704
2022-03-10,192.40516662597656,161.703369140625,V,AXP,-6.733335195960251,-0.32180692478813544,1.231504964183872
2022-03-11,191.1805725097656,160.08251953125,V,AXP,-5.77507506664864,-0.24387212815538267,1.2303382540025938
2022-03-14,194.6988067626953,164.74484252929688,V,AXP,-7.742770469617568,-0.4039037692252767,1.228818906402562
2022-03-15,200.345458984375,167.84352111816406,V,AXP,-5.719021796631665,-0.23931334493384565,1.2277178136410434
2022-03-16,205.91444396972656,172.20074462890625,V,AXP,-5.327384000267301,-0.2074616471748222,1.2267184350754197
2022-03-17,207.4499969482422,178.26458740234375,V,AXP,-10.879141441207423,-0.6589831848859475,1.2247476718226713
2022-03-18,212.95091247558597,181.8399810791016,V,AXP,-9.45204495618674,-0.5429181719178079,1.2230696247984427
2022-03-21,210.93911743164065,180.285888671875,V,AXP,-9.264096852835394,-0.5276324506776668,1.2214112591210708
2022-03-22,212.32891845703125,182.421630859375,V,AXP,-10.15526598898498,-0.6001107718211096,1.2196151486965086
2022-03-23,208.64544677734372,177.35887145996094,V,AXP,-7.4246338855173235,-0.37802988673253174,1.2182648597402652
2022-03-24,211.2015380859375,180.09521484375,V,AXP,-7.945897060051436,-0.4204239489050264,1.2168420762101897
2022-03-25,212.2900238037109,181.4204864501953,V,AXP,-8.20551009619598,-0.4415381417596026,1.2153838754061477
2022-03-28,214.5642547607422,180.8674774169922,V,AXP,-5.094934534699831,-0.18855665335085206,1.2144758827426727
2022-03-29,221.7076416015625,182.0497589111328,V,AXP,0.5934742180359365,0.2740786642918698,1.2145809404310333
2022-03-30,217.65489196777344,180.9247131347656,V,AXP,-2.02748936945153,0.06091706242137988,1.2142198682033554
2022-03-31,215.5361175537109,178.293212890625,V,AXP,-0.9213623776997508,0.1508777938713062,1.2140533922858732
2022-04-01,219.9971160888672,178.45529174804688,V,AXP,3.2385519023558516,0.48920145308346163,1.214637918905443
2022-04-04,221.33831787109372,178.92247009277344,V,AXP,3.887119036560051,0.5419490799133522,1.2153375633691097
2022-04-05,219.73471069335935,176.7677001953125,V,AXP,4.749357338273882,0.612074471378101,1.2162026949354767
2022-04-06,212.8537139892578,175.1564483642578,V,AXP,-0.16666475584605678,0.21225695792005206,1.2161720606603286
2022-04-07,210.07411193847656,174.3914794921875,V,AXP,-1.9530621749377701,0.06697018734116873,1.2158115449838411
2022-04-08,210.88079833984372,175.64402770996094,V,AXP,-2.5860027404193318,0.015493461197025545,1.2153376568701695
2022-04-11,208.7135009765625,169.78285217285156,V,AXP,2.296110853772092,0.412553214037455,1.2157728974457453
2022-04-12,205.4576568603516,167.8418731689453,V,AXP,1.3564074644916957,0.33612762739504015,1.2160329573444215
2022-04-13,207.2750701904297,171.71426391601562,V,AXP,-1.487278473847283,0.10485213286823092,1.215754264691612
2022-04-14,206.8085479736328,173.21543884277344,V,AXP,-3.6610710304385634,-0.07194128223653377,1.2150742474815615
2022-04-18,207.1778717041016,176.38980102539062,V,AXP,-6.926018627339516,-0.3374777677875533,1.2138110541925362
2022-04-19,209.6367645263672,178.96185302734375,V,AXP,-7.352593167129612,-0.3721708526716479,1.212489444107079
2022-04-20,211.66802978515625,180.1952667236328,V,AXP,-6.604395863715183,-0.31132035613198034,1.2113105389368408
2022-04-21,210.3656768798828,177.59457397460938,V,AXP,-4.608285743282721,-0.14897776090761425,1.2104759611287463
2022-04-22,202.3184051513672,172.6226043701172,V,AXP,-6.430303964442089,-0.2971615527442144,1.2092779498809711
2022-04-25,204.0483856201172,176.02647399902344,V,AXP,-8.541852877720515,-0.46889272479525457,1.2077174169779548
2022-04-26,195.44715881347656,170.81549072265625,V,AXP,-10.511663344900853,-0.6290963829345636,1.205738550333128
2022-04-27,208.0914764404297,169.8402099609375,V,AXP,3.2055148140261167,0.4865145639167739,1.2063454330015633
2022-04-28,214.45736694335935,173.9994659423828,V,AXP,4.4120445359668,0.5846409970580213,1.207160730464229
2022-04-29,207.13902282714844,167.0482635498047,V,AXP,5.314063486428637,0.6580017279418504,1.2081835216476022
2022-05-02,205.583984375,164.09378051757812,V,AXP,7.100307518920687,0.8032760236685664,1.2095746482897154
2022-05-03,202.6974639892578,164.56228637695312,V,AXP,3.533497266889924,0.5131892057819372,1.2102649465270234
2022-05-04,208.4899444580078,170.02191162109375,V,AXP,2.633717825774255,0.4400106130254411,1.2107629226696333
2022-05-05,199.4707946777344,163.51052856445312,V,AXP,1.4516446328142365,0.343873216633349,1.2110483146463826
2022-05-06,197.1188201904297,159.81980895996094,V,AXP,3.458148296969341,0.5070611133489705,1.2117438579968358
2022-05-09,187.5748748779297,153.95864868164062,V,AXP,0.9847736592332694,0.3059028438015937,1.2119494605628287
2022-05-10,188.1385498046875,154.73309326171875,V,AXP,0.5908687871485654,0.27386676595640025,1.212072201648014
2022-05-11,191.19029235839844,152.4001007080078,V,AXP,6.268874448259908,0.7356560055819933,1.2133943288163582
2022-05-12,188.87767028808597,146.54852294921875,V,AXP,10.712224323805998,1.0970313339780715,1.2157437166802216
2022-05-13,193.9995880126953,151.78819274902344,V,AXP,9.169344368115503,0.9715497117155765,1.2176852513830918
2022-05-16,192.6168212890625,149.56991577148438,V,AXP,10.161169784109745,1.0522143556116292,1.2198686518197404
2022-05-17,198.64431762695312,154.75225830078125,V,AXP,9.559657248174318,1.0032936547223463,1.221853964878936
2022-05-18,194.7396240234375,149.25439453125,V,AXP,11.987306495578792,1.2007331021175314,1.2244350868315312
2022-05-19,192.1883850097656,147.24652099609375,V,AXP,11.524224566689725,1.1630708903147733,1.226950281887262
2022-05-20,193.80479431152344,146.51983642578125,V,AXP,13.595335289127888,1.3315132453912448,1.2299321608489482
2022-05-23,202.11085510253903,152.06544494628906,V,AXP,14.611133946757548,1.414127620528674,1.233019909434442
2022-05-24,197.3103179931641,148.80499267578125,V,AXP,13.400181818132353,1.3156415153578365,1.2359137477042732
2022-05-25,198.48851013183597,153.4709930419922,V,AXP,8.537257865360914,0.9201424460476675,1.2377013304038587
2022-05-26,203.0748748779297,158.1178741455078,V,AXP,7.142648413756291,0.8067195865669122,1.2391529264039243
2022-05-27,207.2911834716797,162.16238403320312,V,AXP,6.149581687735008,0.7259539875736405,1.2403715139187919
2022-05-31,206.59982299804688,161.41661071777344,V,AXP,6.184527840613754,0.7287961399646188,1.2416026719074555
2022-06-01,204.41864013671875,158.49078369140625,V,AXP,7.398329792636133,0.8275140197863106,1.2431026319340834
2022-06-02,209.40423583984372,161.7225341796875,V,AXP,8.106059765831901,0.8850733294609592,1.2447132188168188
2022-06-03,207.0672149658203,159.5138702392578,V,AXP,8.253005109997616,0.8970243176773965,1.2463756885693864
2022-06-06,207.349609375,159.69549560546875,V,AXP,8.050353418832827,0.8805427613075651,1.2479954753923703
2022-06-07,208.86866760253903,161.29226684570312,V,AXP,7.340777966971785,0.8228333598153936,1.2494578542215833
2022-06-08,207.8948974609375,158.68199157714844,V,AXP,9.328694321768069,0.9845095603532034,1.2513468047987661
2022-06-09,200.69895935058597,153.92039489746094,V,AXP,7.839281397993261,0.8633763839160599,1.252983258528361
2022-06-10,194.27218627929688,147.64805603027344,V,AXP,8.983013438119627,0.9563955143411618,1.2549381131248079
2022-06-13,187.2125396728516,139.87461853027344,V,AXP,11.31499393260745,1.1460542719480484,1.257537268651597
2022-06-14,188.439453125,138.2587432861328,V,AXP,14.120244100571114,1.3742038053125425,1.260818700367233
2022-06-15,191.0101776123047,139.80767822265625,V,AXP,14.279249993563951,1.3871356716761238,1.2641002973905404
2022-06-16,184.08680725097656,131.4700927734375,V,AXP,17.338346112553495,1.6359303638697362,1.2683375939026742
2022-06-17,185.0215759277344,137.8571319580078,V,AXP,9.855538170385728,1.0273574958388738,1.2706345712364406
2022-06-21,189.2866058349609,138.4116668701172,V,AXP,12.998327803437576,1.2829589378892414,1.2736518677789554
2022-06-22,188.73159790039065,138.05792236328125,V,AXP,12.492492463487878,1.241819613458662,1.2765591602425594
2022-06-23,191.4775390625,135.43807983398438,V,AXP,18.00435354496861,1.6900964010588875,1.2808302194638999
2022-06-24,200.1146697998047,139.74073791503906,V,AXP,20.472741590613083,1.8908491136717103,1.2855372806061183
2022-06-27,198.21588134765625,137.96231079101562,V,AXP,20.21083682295773,1.8695485354883818,1.2902440058019857
2022-06-28,192.918701171875,135.9543914794922,V,AXP,16.95947643797271,1.605117090797442,1.294251865048762
2022-06-29,194.26248168945312,133.3536834716797,V,AXP,20.994698165716102,1.9332995697509006,1.2993100678807563
2022-06-30,191.72097778320312,133.03695678710938,V,AXP,18.277492508265368,1.7123106505156669,1.3037240888822224
2022-07-01,193.9508819580078,134.7452850341797,V,AXP,17.7111768250997,1.666252491308771,1.3079471024771137
2022-07-05,195.275146484375,134.02549743652344,V,AXP,19.355041538094895,1.7999471512244174,1.3125868458693735
2022-07-06,195.83995056152344,132.58587646484375,V,AXP,21.130586072808313,1.944351262376044,1.3177072034142396
2022-07-07,197.47581481933597,135.3499298095703,V,AXP,18.52893806593869,1.7327605866051052,1.32210542705981
2022-07-08,198.22560119628903,136.05050659179688,V,AXP,17.781213255581918,1.6719485176794358,1.3263044178299808
2022-07-11,199.67649841308597,134.91806030273438,V,AXP,20.08867170635645,1.8596129102581254,1.3310881160295618
2022-07-12,199.4427947998047,133.5744171142578,V,AXP,20.96976221709923,1.9312715420527258,1.3361318464900502
2022-07-13,198.79039001464844,133.7855224609375,V,AXP,19.411639948439586,1.8045502704245444,1.3407934338977792
2022-07-14,200.5041656494141,130.98316955566406,V,AXP,24.10824898045408,2.186523033954365,1.346706735432882
2022-07-15,204.52574157714844,136.7415313720703,V,AXP,19.7407754313993,1.831318687626161,1.3513448642238315
2022-07-18,201.77001953125,136.5975799560547,V,AXP,16.64482319093227,1.579526506291387,1.3552597081139728
2022-07-19,208.0507354736328,141.82806396484375,V,AXP,15.343912650639624,1.4737241304083946,1.3587354817926671
2022-07-20,207.7683258056641,142.93174743652344,V,AXP,13.139742084933658,1.2944600876629269,1.361688968415962
2022-07-21,210.5142974853516,144.13137817382812,V,AXP,13.808556147079656,1.3488543865845757,1.3647669496439356
2022-07-22,208.08966064453125,146.84739685058594,V,AXP,7.438216201808643,0.8307579606455671,1.3663942892149537
2022-07-25,208.6447296142578,147.59597778320312,V,AXP,6.753457674036127,0.7750669066487454,1.3678643210506074
2022-07-26,206.91143798828125,143.79550170898438,V,AXP,9.900621206038807,1.031024075620017,1.3700763545507568
2022-07-27,204.9444580078125,145.52297973632812,V,AXP,5.393583227406424,0.6644690270100533,1.3712671025701277
2022-07-28,205.80137634277344,146.01246643066406,V,AXP,5.40561693600398,0.6654477222553226,1.372456505293882
2022-07-29,206.5414276123047,147.81675720214844,V,AXP,3.5551408035647682,0.5149494633336932,1.3732291970872001
2022-08-01,205.8110809326172,147.15451049804688,V,AXP,3.6179752513363894,0.5200597562059747,1.3740190837301207
2022-08-02,200.8449859619141,145.49420166015625,V,AXP,0.9041292030292425,0.29934407223052273,1.3742187281518234
2022-08-03,203.00669860839844,149.169921875,V,AXP,-1.9236018886177817,0.06936617706552504,1.3738044367197684
2022-08-04,207.86569213867188,150.55197143554688,V,AXP,1.0044555681423333,0.30750356319004846,1.3740187830027144
2022-08-05,210.2026824951172,151.1661834716797,V,AXP,2.4197669839175546,0.4226101026217718,1.3745330518986532
2022-08-08,207.71966552734372,150.94544982910156,V,AXP,0.2326803664917918,0.24473548848151858,1.3745825753327838
2022-08-09,204.7399444580078,152.40423583984375,V,AXP,-4.604338734672183,-0.14865675275548443,1.3736119737030967
2022-08-10,206.53167724609372,155.89761352539062,V,AXP,-7.374238996058608,-0.3739312966512388,1.372092307284191
2022-08-11,205.90249633789065,156.42547607421875,V,AXP,-8.456029132738365,-0.4619127243685958,1.3703555894496555
2022-08-12,206.1463623046875,159.16067504882812,V,AXP,-11.588068596626755,-0.7166398607665685,1.3680165080634181
2022-08-15,211.11151123046875,158.73837280273438,V,AXP,-5.857034429595643,-0.2505378404062026,1.3668311059840155
2022-08-16,211.81382751464844,158.6903839111328,V,AXP,-4.9307165051046695,-0.17520088663526903,1.365832879584757
2022-08-17,209.2581329345703,157.29879760742188,V,AXP,-5.411869906781249,-0.21433284189647706,1.3647275510465995
2022-08-18,209.9701995849609,158.01861572265625,V,AXP,-5.505290766103258,-0.2219307116708859,1.3636082645430359
2022-08-19,207.5998077392578,155.70567321777344,V,AXP,-4.574762081770103,-0.14625129899768594,1.3626643489365722
2022-08-22,203.4930725097656,151.34852600097656,V,AXP,-2.658750696090493,0.009576907896667146,1.3620999731740098
2022-08-23,201.72743225097656,150.99343872070312,V,AXP,-3.818064029100583,-0.08470944095381233,1.3612876031009566
2022-08-24,201.60064697265625,152.72091674804688,V,AXP,-6.100455099431713,-0.27033511655241016,1.3600042907989172
2022-08-25,204.6734313964844,155.696044921875,V,AXP,-6.853670719652854,-0.3315937501811694,1.3585900799360517
2022-08-26,197.9134063720703,150.97422790527344,V,AXP,-6.974609622003129,-0.34142964804580034,1.3571059036819677
2022-08-29,197.3671112060547,148.3157958984375,V,AXP,-3.791327568026105,-0.08253497851633639,1.3562846597393339
2022-08-30,196.4404144287109,148.43096923828125,V,AXP,-4.7225127137241145,-0.15826778085002866,1.355262504683247
2022-08-31,193.8359222412109,145.87808227539062,V,AXP,-3.746800059809914,-0.07891357949195557,1.3544373439734523
2022-09-01,195.2210998535156,145.02392578125,V,AXP,-1.1672218476731473,0.13088217138164068,1.3541787718353133
2022-09-02,192.9092254638672,143.75709533691406,V,AXP,-1.7086866551592834,0.08684512093528717,1.3537969146003768
2022-09-06,193.7676239013672,142.6150360107422,V,AXP,0.674169257577006,0.2806415497793658,1.3539487843991835
2022-09-07,195.50396728515625,146.11802673339844,V,AXP,-2.259758536684302,0.04202673216695426,1.3534519336390503
2022-09-08,195.7869110107422,147.33688354492188,V,AXP,-3.51359820662384,-0.059947394375296434,1.3526857934157461
2022-09-09,200.1667022705078,152.05870056152344,V,AXP,-5.349092477773041,-0.20922718633049167,1.3515556425863873
2022-09-12,201.5616455078125,155.90719604492188,V,AXP,-8.870620353381213,-0.4956312121551393,1.3497277303387678
2022-09-13,194.77235412597656,149.0931396484375,V,AXP,-6.261624899002612,-0.2834429723096176,1.3483784666351415
2022-09-14,194.5187530517578,150.0048828125,V,AXP,-7.503536256883848,-0.3844469754521777,1.3467714218420563
2022-09-15,190.57781982421875,149.8417510986328,V,AXP,-10.875377385518192,-0.6586770561995069,1.344439688756247
2022-09-16,188.55862426757807,146.9145965576172,V,AXP,-8.680319432369146,-0.48015413748152713,1.3425415058917836
2022-09-19,188.39279174804688,149.10276794433594,V,AXP,-11.417069156809333,-0.7027325654937713,1.340081499891743
2022-09-20,187.35882568359372,147.29847717285156,V,AXP,-9.720839275577191,-0.5647790737511992,1.337961320047472
2022-09-21,182.4326629638672,142.7206268310547,V,AXP,-8.256752466561466,-0.44570565702112475,1.3361027040342035
2022-09-22,181.2328338623047,137.26937866210938,V,AXP,-2.1055108773166182,0.05457161387097999,1.3356099264564414
2022-09-23,179.4476776123047,134.61093139648438,V,AXP,-0.3294348906731841,0.1990189477309494,1.3355313022347388
2022-09-26,176.16036987304688,131.91409301757812,V,AXP,-0.014562704761260648,0.22462733842125668,1.3355277555850842
2022-09-27,173.507080078125,131.95252990722656,V,AXP,-2.6345465709803477,0.011545416770648985,1.3348863168667349
2022-09-28,174.7849578857422,134.8988494873047,V,AXP,-5.125020144076387,-0.1910035002733247,1.3336657704167438
2022-09-29,175.64337158203125,132.2404022216797,V,AXP,-0.6986800008860712,0.16898843545997305,1.3334960316235906
2022-09-30,173.29248046875,129.4763946533203,V,AXP,0.6164184816415457,0.2759447092866417,1.333648982499532
2022-10-03,177.1943817138672,134.38059997558594,V,AXP,-1.9592251587009173,0.0664689550853961,1.333180584884399
2022-10-04,181.0962677001953,139.60150146484375,V,AXP,-4.86155759811993,-0.16957622879307008,1.3320617854897896
2022-10-05,183.0667266845703,138.55538940429688,V,AXP,-1.4509968933120376,0.10780289489415437,1.3317253437141299
2022-10-06,181.0377349853516,136.64559936523438,V,AXP,-0.9075172146527564,0.1520038137623664,1.3315119772989572
2022-10-07,179.32090759277344,133.4016876220703,V,AXP,1.6422040512254341,0.3593713147656391,1.3319074646560347
2022-10-10,177.7113800048828,131.97171020507812,V,AXP,1.8769730168095862,0.3784649523164641,1.332364388662043
2022-10-11,174.74594116210938,131.81813049316406,V,AXP,-0.856330569499903,0.15616679692140306,1.3321556835515567
2022-10-12,173.8680419921875,131.23268127441406,V,AXP,-0.9246153508387351,0.15061323126217346,1.331929330755089
2022-10-13,180.1305389404297,136.36758422851562,V,AXP,-1.4547111219661701,0.10750081861449604,1.3315866163479695
2022-10-14,178.14059448242188,131.80105590820312,V,AXP,2.55402006270981,0.43352883551375976,1.3322091633469515
2022-10-17,180.7060546875,136.35791015625,V,AXP,-0.9215948741194211,0.15085888505872952,1.3319920300442831
2022-10-18,182.5789794921875,140.64500427246094,V,AXP,-4.6109116869794775,-0.14919132753917472,1.330938785543624
2022-10-19,181.837646484375,138.69895935058594,V,AXP,-2.6762004272066235,0.008157730364143922,1.33031889911438
2022-10-20,182.6277618408203,137.20570373535156,V,AXP,0.09729531438122763,0.2337246927898193,1.3303416808277295
2022-10-21,185.70046997070312,134.91285705566406,V,AXP,6.026656129892132,0.7159565160537367,1.331776805873134
2022-10-24,186.03216552734372,136.44464111328125,V,AXP,4.183940827161933,0.5660894413654615,1.3327619407874352
2022-10-25,189.61212158203125,141.63726806640625,V,AXP,0.8171102192154933,0.29226686365294663,1.3329472810383474
2022-10-26,198.3425750732422,141.50241088867188,V,AXP,9.424541436740782,0.9923047562345144,1.3350870310268717
2022-10-27,199.2790069580078,141.58912658691406,V,AXP,9.926300653869902,1.0331125717215877,1.3373393202471966
2022-10-28,204.2051696777344,144.93206787109375,V,AXP,10.058664473308454,1.0438776521354922,1.3395689998510527
2022-10-31,202.07864379882807,143.01495361328125,V,AXP,10.17340704839981,1.0532096059352263,1.3418543439125148
2022-11-01,201.85427856445312,141.69509887695312,V,AXP,11.355286330787749,1.1493312316816058,1.3444289445684579
2022-11-02,196.0209503173828,138.24620056152344,V,AXP,9.842547866366886,1.0263010011868074,1.3467162330306597
2022-11-03,189.9730529785156,134.20956420898438,V,AXP,8.943527872981491,0.9531841739182011,1.3488571114324166
2022-11-04,192.1483459472656,139.42147827148438,V,AXP,3.9614258155467326,0.5479924115011144,1.3497699383539559
2022-11-07,195.1918182373047,141.59877014160156,V,AXP,3.939491977594656,0.5462085438978584,1.350663752718007
2022-11-08,196.83059692382807,144.70086669921875,V,AXP,1.3451655112129686,0.335213325196991,1.3509624086700134
2022-11-09,189.59600830078125,140.51974487304688,V,AXP,-0.2333867442316091,0.20683049339679527,1.3509090499453653
2022-11-10,200.9758758544922,149.08425903320312,V,AXP,-0.41021985329220456,0.19244874884641403,1.3508206501058768
2022-11-11,200.4185943603516,149.21917724609375,V,AXP,-1.1139636417042027,0.1352136335016359,1.3505808148887344
2022-11-14,202.23704528808597,148.48696899414062,V,AXP,1.6406838899857519,0.3592476808447029,1.3509357942784586
2022-11-15,205.2970733642578,148.2557830810547,V,AXP,4.8569900675411475,0.6208281851243866,1.351988294359699
2022-11-16,205.44369506835935,146.98411560058594,V,AXP,6.5136296785917125,0.7555618208374133,1.353411996778886
2022-11-17,206.2747039794922,145.12472534179688,V,AXP,9.554213993532585,1.002850957660716,1.3555270442210636
2022-11-18,206.0889892578125,146.91665649414062,V,AXP,6.723484544290784,0.7726292076360269,1.3569972899667293
2022-11-21,201.7091217041016,147.21531677246094,V,AXP,1.8780017433994942,0.37854861811359247,1.3574071254390279
2022-11-22,205.6294708251953,148.92051696777344,V,AXP,3.3752637743554033,0.5003201583448628,1.358135273560781
2022-11-23,206.99819946289065,148.29429626464844,V,AXP,5.420346809396591,0.6666456951774601,1.3593095468335135
2022-11-25,209.01214599609372,148.50625610351562,V,AXP,6.923737260601939,0.7889156566319563,1.3608073763210822
2022-11-28,206.5386657714844,145.34632873535156,V,AXP,8.477940973277327,0.9153182341452666,1.362681304175481
2022-11-29,204.3878631591797,148.76634216308594,V,AXP,1.6148695238443054,0.35714821190730456,1.3630300421922343
2022-11-30,212.15042114257807,151.8203125,V,AXP,5.05245531597069,0.6367252718539266,1.3640991934238536
2022-12-01,212.15042114257807,151.7335968017578,V,AXP,5.00979576838688,0.6332557930937305,1.365159923314963
2022-12-02,212.79568481445312,151.0110321044922,V,AXP,6.434748376719767,0.7491464456887748,1.3665288791281274
2022-12-05,208.90457153320312,150.36557006835938,V,AXP,3.3190474637272587,0.49574811511543676,1.367238018490618
2022-12-06,204.40740966796875,149.0360870361328,V,AXP,0.6196965221486437,0.27621131061175175,1.36737160239864
2022-12-07,203.1657867431641,149.10357666015625,V,AXP,-0.6919787815575376,0.16953344213361596,1.367222504590642
2022-12-08,204.4270172119141,148.47732543945312,V,AXP,1.3811060287038401,0.3381363487433626,1.3675213409336997
2022-12-09,204.03591918945312,148.26539611816406,V,AXP,1.2399890811899184,0.32665938098740166,1.367790026653553
2022-12-12,209.7942657470703,151.550537109375,V,AXP,2.4269815724385637,0.42319686134414264,1.368304514981517
2022-12-13,208.2789001464844,151.7528533935547,V,AXP,0.6150268842886248,0.2758315313995763,1.368434718809813
2022-12-14,208.55270385742188,148.46771240234375,V,AXP,5.2167349473390345,0.6500860486096004,1.369563561126661
2022-12-15,203.26356506347656,144.72012329101562,V,AXP,4.902651481064197,0.6245418040760999,1.3706519112309712
2022-12-16,202.2663726806641,140.9436492919922,V,AXP,8.799007076780299,0.9414303729234392,1.372657559072268
2022-12-19,200.2426300048828,139.7008819580078,V,AXP,8.217167649033883,0.8941096756646383,1.374547244544735
2022-12-20,200.7705535888672,140.36558532714844,V,AXP,7.587658395737691,0.8429120163512756,1.3762838999522595
2022-12-21,202.18814086914065,141.71435546875,V,AXP,6.926431452502612,0.7891347738543533,1.3778541261452937
2022-12-22,200.4772491455078,139.9899139404297,V,AXP,7.355267898716761,0.8240118184084464,1.3795421099335115
2022-12-23,201.2300720214844,141.63726806640625,V,AXP,5.653856468556228,0.6856369139934438,1.3808245401996373
2022-12-27,201.67974853515625,141.0303497314453,V,AXP,6.725512005934377,0.7727941000342817,1.3823566126047353
2022-12-28,200.40879821777344,138.7374725341797,V,AXP,8.355694504534341,0.9053759925877461,1.3842914982174297
2022-12-29,203.41021728515625,141.9263153076172,V,AXP,6.726718174681565,0.7728921971095346,1.385814171841032
2022-12-30,203.1168975830078,142.340576171875,V,AXP,5.676928740891384,0.6875133698714397,1.38709547306953
2023-01-03,202.7551727294922,141.73361206054688,V,AXP,5.965470016035283,0.710980281319221,1.3884476649716
2023-01-04,207.8585205078125,145.02842712402344,V,AXP,6.291998188342717,0.7375366473050681,1.3898414698181678
2023-01-05,206.39205932617188,141.557861328125,V,AXP,9.348729178948815,0.9861389848405494,1.3919631753300168
2023-01-06,212.88363647460935,145.17340087890625,V,AXP,10.471202909329492,1.077429188019167,1.3942804421459996
2023-01-09,213.7146453857422,145.39576721191406,V,AXP,10.650020463992206,1.0919723264955807,1.3966336765896608
2023-01-10,216.1490020751953,146.94253540039062,V,AXP,10.584076837502039,1.0866091657393993,1.398947722506405
2023-01-11,217.1364288330078,148.79864501953125,V,AXP,8.695543884558901,0.9330157654508915,1.4008251548331576
2023-01-12,218.6224670410156,149.76539611816406,V,AXP,8.55256683402996,0.9213875164866686,1.4026597976026562
2023-01-13,218.07498168945312,150.57742309570312,V,AXP,6.652365151076964,0.7668451044711112,1.4040791254875002
2023-01-17,218.0163116455078,148.63427734375,V,AXP,9.031861329849477,0.9603682879038471,1.406031327701988
2023-01-18,214.5554656982422,145.41506958007812,V,AXP,9.783025728058618,1.0214600967159788,1.4081927035589537
2023-01-19,215.48423767089844,141.96388244628906,V,AXP,15.087037082803107,1.4528325744238588,1.4116069322344298
2023-01-20,219.29705810546875,146.55584716796875,V,AXP,12.031282525512637,1.204309649700777,1.4142443279141723
2023-01-23,219.16993713378903,148.87600708007812,V,AXP,8.354486239754351,0.9052777250432386,1.416047186036097
2023-01-24,218.8864288330078,150.16171264648438,V,AXP,6.055804981977644,0.7183271769942002,1.417342810627653
2023-01-25,219.8738555908203,151.55380249023438,V,AXP,4.912345610290487,0.6253302225510764,1.4183841411328577
2023-01-26,219.6881256103516,150.6934356689453,V,AXP,5.7618372974884835,0.6944189385039667,1.4196125223585219
2023-01-27,226.2677001953125,166.57675170898438,V,AXP,-9.88903995367977,-0.5784587471931408,1.417705278354609
2023-01-30,223.98001098632807,166.91510009765625,V,AXP,-12.262454889115673,-0.7714873462763709,1.4153450810455521
2023-01-31,225.0652008056641,169.10958862304688,V,AXP,-13.838633573619603,-0.8996771367896609,1.4127160755609869
2023-02-01,225.73976135253903,167.83348083496094,V,AXP,-11.007655084244732,-0.669435132460811,1.4106089873068255
2023-02-02,224.4296722412109,167.36949157714844,V,AXP,-11.300198363708574,-0.6932275248330905,1.4084399037339523
2023-02-03,224.98696899414065,172.90882873535156,V,AXP,-17.967488465467937,-1.2354747521548184,1.4051015164267089
2023-02-06,224.3124084472656,170.60801696777344,V,AXP,-14.929537691895433,-0.9883997998777464,1.4022901759906865
2023-02-07,226.15040588378903,172.75413513183594,V,AXP,-15.59984856081158,-1.0429158333135025,1.39938910440616
2023-02-08,225.0554351806641,173.044189453125,V,AXP,-16.568428696570436,-1.1216899506892486,1.3963130726367827
2023-02-09,224.66360473632807,173.40184020996094,V,AXP,-16.916189719710616,-1.1499731733614658,1.393178954522775
2023-02-10,222.5575256347656,173.28582763671875,V,AXP,-18.27357243057199,-1.2603684014294336,1.3897910830320332
2023-02-13,224.20318603515625,175.296630859375,V,AXP,-18.81794925674336,-1.3046422848369872,1.3863423050432384
2023-02-14,224.70274353027344,174.9969482421875,V,AXP,-17.3456694443841,-1.1849025354172196,1.383157908786352
2023-02-15,224.24237060546875,174.65859985351562,V,AXP,-16.79837623343917,-1.1403914639567798,1.380068012918152
2023-02-16,221.21551513671875,172.01943969726562,V,AXP,-15.67928698107599,-1.049376518610491,1.3771397147595776
2023-02-17,218.99185180664065,171.40072631835938,V,AXP,-16.520156935209883,-1.1177640335090753,1.3740432365753865
2023-02-21,216.11196899414065,167.7078399658203,V,AXP,-13.87993724502428,-0.903036342847229,1.3713843448585255
2023-02-22,215.5242462158203,168.88722229003906,V,AXP,-15.58437159208762,-1.0416570995176386,1.368419793245298
2023-02-23,216.61155700683597,169.31259155273438,V,AXP,-14.6097800703063,-0.9623940792513191,1.3656476163801774
2023-02-24,215.0638427734375,168.4521942138672,V,AXP,-14.516138671387978,-0.9547782731065424,1.3628791391897832
2023-02-27,215.84750366210935,167.53379821777344,V,AXP,-12.09232808721461,-0.7576510221902747,1.3605602820096638
2023-02-28,215.4458770751953,168.2008819580078,V,AXP,-12.9844155137761,-0.8302040274140755,1.358080230792132
2023-03-01,213.8981475830078,170.05702209472656,V,AXP,-16.522130226450173,-1.1179245202566765,1.3549589130233468
2023-03-02,214.58384704589844,169.50592041015625,V,AXP,-14.620017286746503,-0.9632266667262105,1.3521879576715468
2023-03-03,219.1976318359375,173.1311798095703,V,AXP,-14.444219084006903,-0.9489290905672646,1.3495076460342426
2023-03-06,222.11669921875,173.10215759277344,V,AXP,-11.128464821154068,-0.6792605253674836,1.347442269255929
2023-03-07,218.60987854003903,169.48660278320312,V,AXP,-9.459627239228382,-0.5435348350438078,1.3456491665656898
2023-03-08,217.64990234375,169.012939453125,V,AXP,-9.477730294810954,-0.545007147114511,1.343847597547724
2023-03-09,215.5144500732422,166.39306640625,V,AXP,-7.840580265755079,-0.4118585889422819,1.3423337592305329
2023-03-10,211.7235107421875,160.18667602539062,V,AXP,-3.1977393586675475,-0.03425875897541499,1.3416924268207466
2023-03-13,210.087646484375,152.3852081298828,V,AXP,5.458212269785321,0.6697252733259542,1.3428431586363516
2023-03-14,214.1920166015625,158.4562530517578,V,AXP,1.3662287860222193,0.3369263903537955,1.3431201591395912
2023-03-15,211.94883728027344,154.49266052246094,V,AXP,4.308221430544052,0.5761971180324842,1.3440160532386036
2023-03-16,213.00672912597656,155.382080078125,V,AXP,4.040898271228258,0.5544558648808292,1.344851547550926
2023-03-17,212.94796752929688,151.31211853027344,V,AXP,9.161307902781601,0.9708961101805802,1.3467966849313733
2023-03-20,213.69241333007807,153.4582977294922,V,AXP,6.796923744552714,0.7786019794985035,1.3482196313048467
2023-03-21,217.414794921875,159.0846405029297,V,AXP,2.842441217859175,0.456985977665022,1.3487936549101627
2023-03-22,215.54380798339844,157.33485412597656,V,AXP,3.2278546308219234,0.488331449567693,1.34945276132253
2023-03-23,218.04171752929688,157.344482421875,V,AXP,5.534951363003728,0.6759664237618539,1.350582892360445
2023-03-24,216.5233917236328,154.46368408203125,V,AXP,7.661251557665821,0.8488973098357809,1.3521763475163928
2023-03-27,217.27764892578125,157.69252014160156,V,AXP,3.923503670497098,0.544908223218707,1.3529756837147424
2023-03-28,215.8278961181641,153.9126434326172,V,AXP,7.35164774174072,0.8237173929293137,1.3545102190886227
2023-03-29,218.73719787597656,158.1468963623047,V,AXP,4.3847431797200045,0.582420591990745,1.355400957127786
2023-03-30,217.81642150878903,157.0061798095703,V,AXP,4.854147246223022,0.6205969799489709,1.3563942165898422
2023-03-31,220.8530731201172,159.46163940429688,V,AXP,4.418282692975424,0.5851483431146495,1.3572843677995554
2023-04-03,224.3207550048828,158.33055114746094,V,AXP,9.127922687354044,0.9681809080185572,1.3591365075026438
2023-04-04,223.0081329345703,157.1511688232422,V,AXP,9.125083116334338,0.967949967188217,1.3610019665765496
2023-04-05,223.5076904296875,156.29730224609375,V,AXP,10.4509983099164,1.0757859584845764,1.3631501571556774
2023-04-06,221.3722381591797,154.11410522460938,V,AXP,10.940101717398562,1.1155644835724268,1.3654307380566664
2023-04-10,221.80325317382807,156.35552978515625,V,AXP,8.051924734919396,0.880670555625524,1.3670851854911583
2023-04-11,223.78196716308597,157.0250244140625,V,AXP,8.831650491867038,0.9440852448505548,1.3688921079509724
2023-04-12,223.1550445556641,154.56044006347656,V,AXP,11.218077803953065,1.1381721337414437,1.3712238828038432
2023-04-13,227.93533325195312,157.48106384277344,V,AXP,11.620217830273333,1.1708779723863993,1.3735944509344014
2023-04-14,229.2381591796875,158.3737335205078,V,AXP,11.332792099661958,1.1475017875937483,1.3758933519857255
2023-04-17,228.70919799804688,158.84922790527344,V,AXP,9.833677462620784,1.0255795758756037,1.377882180616881
2023-04-18,228.8267517089844,159.51870727539062,V,AXP,8.747731479232272,0.9372601553124873,1.3796439551745558
2023-04-19,227.81781005859372,160.05239868164062,V,AXP,6.784521230370274,0.7775932894873291,1.3810057871602386
2023-04-20,229.8063507080078,158.43197631835938,V,AXP,10.668142031404415,1.0934461441237353,1.3831690657967843
2023-04-21,229.26754760742188,158.91712951660156,V,AXP,9.163884402619544,0.9711056555688858,1.3850216391041017
2023-04-24,228.00393676757807,155.82186889648438,V,AXP,11.807926445378854,1.1861442161723883,1.3874561501108846
2023-04-25,224.89866638183597,151.48455810546875,V,AXP,14.262284054379165,1.385755840689104,1.3904808844001415
2023-04-26,223.48809814453125,151.09646606445312,V,AXP,12.974521444936357,1.2810227791661484,1.3932395785471001
2023-04-27,224.33050537109372,153.745361328125,V,AXP,9.811181771244861,1.0237500130263644,1.3952897293728388
2023-04-28,227.9744873046875,156.54959106445312,V,AXP,9.24542547479129,0.9777373484490715,1.3971870532695492
2023-05-01,227.75900268554688,154.5895538330078,V,AXP,11.402165225283397,1.1531438677259658,1.399556645942445
2023-05-02,222.3419952392578,148.6997833251953,V,AXP,13.78534712275382,1.346966808738487,1.4025349832582217
2023-05-03,221.3624420166016,147.690673828125,V,AXP,13.778448779365164,1.3464057700678245,1.4055321697483232
2023-05-04,220.990234375,144.39161682128906,V,AXP,17.481546965754717,1.6475768145885938,1.4094217648461154
2023-05-05,227.0439453125,148.11761474609375,V,AXP,17.71464183168024,1.6665342984871407,1.41326407287652
2023-05-08,227.48472595214844,148.4960174560547,V,AXP,17.072166642116315,1.614282126338203,1.416957591958995
2023-05-09,228.49368286132807,148.82591247558594,V,AXP,17.06542016686322,1.613733439023814,1.4206414674537842
2023-05-10,226.54437255859372,144.26547241210938,V,AXP,20.922682765230746,1.9274425947818135,1.4253007760996559
2023-05-11,226.7308349609375,143.59597778320312,V,AXP,21.37661564029031,1.9643607188073866,1.430083366476217
2023-05-12,227.09397888183597,143.5377655029297,V,AXP,21.143729115785135,1.945420179207917,1.4348157716155006
2023-05-15,228.49745178222656,145.54629516601562,V,AXP,19.053214515144106,1.7753997168353468,1.439021426331618
2023-05-16,226.2008514404297,144.00350952148438,V,AXP,18.386032679549913,1.721138166048033,1.4431232922825064
2023-05-17,228.3404541015625,147.57421875,V,AXP,14.894161006185897,1.4371460636876938,1.4463657331431856
2023-05-18,229.2728729248047,148.92295837402344,V,AXP,13.44390050388074,1.3191971332726709,1.4492659478256167
2023-05-19,228.9882354736328,148.40867614746094,V,AXP,13.471790215596826,1.3214653889834669,1.4521822500720634
2023-05-22,226.99583435058597,150.89266967773438,V,AXP,7.627142633110054,0.8461232487877384,1.45380615364542
2023-05-23,220.41993713378903,148.0302734375,V,AXP,5.050363039276618,0.6365551080814141,1.4549022243442913
2023-05-24,218.13311767578125,146.24490356445312,V,AXP,5.194209228029507,0.6482540436041792,1.4560432757501542
2023-05-25,219.2421875,146.59420776367188,V,AXP,5.614307679775891,0.6824204316246308,1.4572736745821422
2023-05-26,220.84197998046875,152.57131958007812,V,AXP,-1.449616114998605,0.10791519287437983,1.4569684309428552
2023-05-30,217.534423828125,153.3184356689453,V,AXP,-5.6637394006175725,-0.2348172564929912,1.4557816367934115
2023-05-31,216.9357147216797,153.8521270751953,V,AXP,-6.8202735733641475,-0.32887757768843046,1.4543574570514906
2023-06-01,222.3043975830078,157.8885955810547,V,AXP,-7.094147042283396,-0.35115156410447945,1.4529139598782848
2023-06-02,224.55194091796875,163.55520629882812,V,AXP,-12.672573196546324,-0.8048420543637642,1.450424718862739
2023-06-05,222.56939697265625,162.45872497558594,V,AXP,-12.658090481304157,-0.8036641826851219,1.447921541236459
2023-06-06,223.9925079345703,166.71841430664062,V,AXP,-16.860987093916435,-1.1454835725910006,1.444672419841347
2023-06-07,221.09718322753903,166.45643615722656,V,AXP,-18.77467044036058,-1.301122441268288,1.4410488365936687
2023-06-08,218.9182891845703,166.05859375,V,AXP,-19.745883492984774,-1.380110692399759,1.437228675059493
2023-06-09,219.41883850097656,166.62139892578125,V,AXP,-19.429991827418263,-1.3544193879607513,1.433482325009083
2023-06-12,221.98046875,168.484375,V,AXP,-18.930722652034262,-1.3138140862703778,1.4298726003644804
2023-06-13,219.2617950439453,169.93983459472656,V,AXP,-22.991864740732126,-1.6441046546641074,1.425526041980712
2023-06-14,219.3010711669922,169.28973388671875,V,AXP,-21.34026036232919,-1.5097805317966932,1.4214762230670643
2023-06-15,221.98046875,168.64932250976562,V,AXP,-17.19801719242301,-1.1728940547584008,1.4182000993723138
2023-06-16,224.66973876953125,167.0968475341797,V,AXP,-11.923949510855664,-0.7439568803759076,1.4159075516490018
2023-06-20,222.27491760253903,164.37997436523438,V,AXP,-10.145972528709365,-0.5993549395429631,1.4139246038257345
2023-06-21,223.04049682617188,162.9342041015625,V,AXP,-7.107831770835844,-0.3522645359417567,1.412523109350007
2023-06-22,224.1593780517578,163.26409912109375,V,AXP,-6.254013873418899,-0.28282397156765887,1.4112924590621605
2023-06-23,225.29788208007807,163.0797576904297,V,AXP,-4.704219003629191,-0.15677996294725252,1.4103657274271564
2023-06-26,222.10809326171875,162.1482696533203,V,AXP,-6.375446766685769,-0.29270004545594525,1.4091025486544615
2023-06-27,223.1288146972656,163.19618225097656,V,AXP,-6.618704321421774,-0.3124840555361208,1.4077995934081513
2023-06-28,223.73731994628903,164.73899841308594,V,AXP,-7.927490691001964,-0.4189269685082227,1.4062536064252826
2023-06-29,229.9795379638672,166.970703125,V,AXP,-4.673472099997156,-0.15427933330781324,1.4053543865608271
2023-06-30,233.0809631347656,169.0277557373047,V,AXP,-4.32401827651077,-0.12585843606614885,1.4045325300315794
2023-07-03,233.5619201660156,170.23092651367188,V,AXP,-5.3607309866775665,-0.21017374019080334,1.4035208292983379
2023-07-05,235.01449584960935,170.3570556640625,V,AXP,-3.9580218948058246,-0.09609214119067584,1.4027744070410544
2023-07-06,234.4550628662109,166.43331909179688,V,AXP,0.9559507935197473,0.3035586951627787,1.4029589348266491
2023-07-07,232.07005310058597,165.32337951660156,V,AXP,0.12415207247161675,0.2359089389208705,1.4029830608732665
2023-07-10,233.74839782714844,167.18299865722656,V,AXP,-0.7814131071994836,0.1622597950646311,1.4028329005822044
2023-07-11,236.09410095214844,170.0357666015625,V,AXP,-2.3617901201716904,0.033728556686232,1.4023866615727005
2023-07-12,237.72337341308597,169.7339324951172,V,AXP,-0.29960422993474367,0.20144505981362693,1.4023299533808187
2023-07-13,238.80300903320312,169.6463165283203,V,AXP,0.8747936272966399,0.29695822515320824,1.4024956172047942
2023-07-14,238.65579223632807,168.8187255859375,V,AXP,1.8294938470068018,0.3746034961943878,1.4028437755784644
2023-07-17,239.4704132080078,170.76600646972656,V,AXP,-0.08488884698985544,0.21890774994532908,1.4028278051783456
2023-07-18,236.31007385253903,173.34613037109375,V,AXP,-6.6510221636952735,-0.3151124487961054,1.401595152404678
2023-07-19,236.9480133056641,172.45037841796875,V,AXP,-4.609512553318808,-0.14907753672812987,1.4007364209634776
2023-07-20,235.1813507080078,172.44065856933594,V,AXP,-6.164514516033307,-0.2755450355008741,1.3995879349242881
2023-07-21,234.81820678710935,165.73228454589844,V,AXP,2.772237971105284,0.45127638421396826,1.4001253253209123
2023-07-24,236.2805938720703,163.36634826660156,V,AXP,7.312311701399807,0.8205182132801415,1.4015633243941497
2023-07-25,234.26858520507807,162.1103515625,V,AXP,6.840886638369284,0.7821774587281809,1.4029190386341637
2023-07-26,232.7080535888672,163.3274383544922,V,AXP,3.4616686976251287,0.507347425698595,1.4035999535710395
2023-07-27,230.0972900390625,159.2868194580078,V,AXP,6.319299228721945,0.7397570266829998,1.4048744997971054
2023-07-28,231.383056640625,161.068603515625,V,AXP,4.943077918348365,0.6278296651400803,1.4058604456722075
2023-07-31,233.3263702392578,164.42764282226562,V,AXP,2.0966911906703274,0.3963345168246503,1.4062701081139382
2023-08-01,235.33837890625,165.17733764648438,V,AXP,2.95935213205442,0.46649428135339627,1.4068456973894174
2023-08-02,233.15948486328125,162.3538055419922,V,AXP,4.604795077701709,0.6003172981076689,1.407756898722431
2023-08-03,234.33724975585935,162.0227508544922,V,AXP,6.054105871048819,0.7181889891883592,1.4089573388975776
2023-08-04,234.56301879882807,161.04910278320312,V,AXP,7.413531006942549,0.8287503266191875,1.4104362201735683
2023-08-07,237.03631591796875,162.55824279785156,V,AXP,7.516792433598056,0.8371485246034719,1.4119217797512027
2023-08-08,234.8574676513672,161.49697875976562,V,AXP,6.623572264416595,0.7645033940130566,1.41323941252461
2023-08-09,235.3187713623047,159.50103759765625,V,AXP,9.59728918062416,1.0063542401653438,1.4151725003260878
2023-08-10,236.1545867919922,159.22837829589844,V,AXP,10.482205576597238,1.0783240292107188,1.4172874435486733
2023-08-11,236.0365753173828,160.91278076171875,V,AXP,7.72861646935425,0.8543760629760088,1.4188304854796416
2023-08-14,238.8488922119141,161.70147705078125,V,AXP,9.128633877101805,0.9682387487098931,1.4206441556663716
2023-08-15,235.83010864257807,157.6414031982422,V,AXP,11.508054352604518,1.1617557752351717,1.422989454159305
2023-08-16,235.29910278320312,156.52169799804688,V,AXP,12.17910245874512,1.2163317677899608,1.4254892655665041
2023-08-17,233.4111175537109,156.346435546875,V,AXP,10.212846614957044,1.0564172053175882,1.427587844635164
2023-08-18,234.19775390625,156.00567626953125,V,AXP,11.128426815517258,1.1308808656004128,1.4298795558267734
2023-08-21,235.4662628173828,156.63853454589844,V,AXP,11.134315477816983,1.13135978743461,1.4321632157113406
2023-08-22,236.5577545166016,154.885986328125,V,AXP,14.277066809594714,1.3869581144623258,1.4351245905236811
2023-08-23,238.2589111328125,155.2365264892578,V,AXP,14.993463673844872,1.4452222978670828,1.4382275390219925
2023-08-24,235.47610473632807,153.63002014160156,V,AXP,14.06918214384038,1.370050962997858,1.441169651533052
2023-08-25,238.5243988037109,154.14605712890625,V,AXP,15.864117170196437,1.5160320927236204,1.4444760104847345
2023-08-28,239.7633514404297,154.99310302734375,V,AXP,15.38525442473616,1.4770864353380229,1.447665042076801
2023-08-29,241.2481842041016,156.0154266357422,V,AXP,14.911061407390633,1.4385205645049712,1.4507355309494663
2023-08-30,242.12335205078125,155.94725036621094,V,AXP,15.390682695943013,1.4775279138047075,1.453906169056536
2023-08-31,241.58251953125,153.82472229003906,V,AXP,17.377523838308008,1.6391166678761495,1.457535514156169
2023-09-01,243.9720001220703,155.41175842285156,V,AXP,16.91056186221263,1.6011388938573503,1.4610312666436625
2023-09-05,241.2481842041016,155.78172302246094,V,AXP,13.221454024075939,1.3011056770647276,1.4637579156005887
2023-09-06,242.0545196533203,153.83445739746094,V,AXP,16.352754432805398,1.5557727064920042,1.467173018573927
2023-09-07,243.01817321777344,152.64662170410156,V,AXP,18.465918901554232,1.7276352708270224,1.4710594431071222
2023-09-08,243.16563415527344,153.2794952392578,V,AXP,17.131990432081324,1.6191475639809783,1.4746502353127569
2023-09-11,243.09683227539065,153.6689453125,V,AXP,15.975640823981195,1.5251022533319933,1.4779901755005707
2023-09-12,243.17550659179688,154.3212890625,V,AXP,14.620450241624184,1.4148853099322012,1.4810338725048369
2023-09-13,243.6966552734375,154.94439697265625,V,AXP,13.77617166605097,1.3462205736293804,1.4838902735409119
2023-09-14,237.4722137451172,157.5148162841797,V,AXP,3.621173463663979,0.5203198651468716,1.4846288482446746
2023-09-15,237.0493927001953,159.43289184570312,V,AXP,0.3398052754047569,0.2534479014631915,1.4846973211391958
2023-09-18,240.57955932617188,155.42147827148438,V,AXP,9.519864771937307,1.0000573533797528,1.4866651451521276
2023-09-19,239.49786376953125,155.1488800048828,V,AXP,8.568164458077405,0.9226560631170757,1.4884393577587287
2023-09-20,237.82623291015625,153.08477783203125,V,AXP,9.658527610673445,1.0113347297485102,1.4904663189297278
2023-09-21,232.66380310058597,150.63121032714844,V,AXP,7.899279514980975,0.8682559994846891,1.4921510827500495
2023-09-22,231.1593170166016,149.04420471191406,V,AXP,8.490086857235582,0.9163060525541277,1.493981135259576
2023-09-25,229.46800231933597,149.1902313232422,V,AXP,6.3757782564002525,0.7443504365531219,1.4953540998242316
2023-09-26,225.81985473632807,147.1358642578125,V,AXP,5.619113160847093,0.6828112588943365,1.4965810184092416
2023-09-27,225.67236328125,145.947998046875,V,AXP,7.023710872763928,0.7970464583779117,1.4981271092068105
2023-09-28,227.79635620117188,146.269287109375,V,AXP,8.39661612626378,0.9087041267444467,1.499971350177216
2023-09-29,226.17385864257807,145.25674438476562,V,AXP,8.034772679832145,0.8792755879292065,1.5017484171676376
2023-10-02,227.41287231445312,145.53909301757812,V,AXP,8.574305353605268,0.9231554989481906,1.503641134649758
2023-10-03,224.99388122558597,141.2259063720703,V,AXP,12.247332395542202,1.2218808729712085,1.506427215057462
2023-10-04,227.3636932373047,142.7642364501953,V,AXP,11.916910747826876,1.1950078526606878,1.5091089186376065
2023-10-05,229.58599853515625,143.80052185058594,V,AXP,12.183919038637669,1.216723497721019,1.5118309495594695
2023-10-06,231.11993408203125,145.98065185546875,V,AXP,10.09746795205723,1.0470335188280797,1.514053152391743
2023-10-09,230.5299835205078,145.4918670654297,V,AXP,9.9285904078545,1.0332987962191642,1.5162455301604305
2023-10-10,232.65396118164065,147.5546417236328,V,AXP,8.64709241777686,0.929075232922496,1.5181282414918849
2023-10-11,231.7492828369141,148.12167358398438,V,AXP,6.6673856977329535,0.7680667176981879,1.5195743586542765
2023-10-12,232.8309631347656,147.89683532714844,V,AXP,7.838886657145395,0.8633442798487403,1.521277152279403
2023-10-13,233.70608520507807,147.7208709716797,V,AXP,8.702128360247855,0.9335512774252033,1.5231697143727703
2023-10-16,236.0661163330078,149.373046875,V,AXP,8.279618140052094,0.8991887415343789,1.5249504710416366
2023-10-17,237.17724609375,150.93727111816406,V,AXP,6.787328732673558,0.7778216221856848,1.5263951418646717
2023-10-18,233.50942993164065,148.14122009277344,V,AXP,7.157445944982072,0.8079230620653415,1.5279473454107213
2023-10-19,229.91046142578125,146.27392578125,V,AXP,6.212032538852299,0.7310330827300515,1.5293117190377858
2023-10-20,229.4876708984375,138.40396118164062,V,AXP,17.27004116676875,1.630375158246635,1.5333204911177034
2023-10-23,227.66851806640625,141.35643005371094,V,AXP,10.583784922197452,1.0865854244198963,1.5357259168311164
2023-10-24,230.73648071289065,141.19024658203125,V,AXP,13.474081660853983,1.3216517510313586,1.538791838045326
2023-10-25,232.89979553222656,140.31036376953125,V,AXP,16.46246772833399,1.5646956316074137,1.5425612334624457
2023-10-26,227.42266845703125,140.13436889648438,V,AXP,10.90643542466583,1.1128264215397414,1.5450616057814015
2023-10-27,225.44622802734372,138.14976501464844,V,AXP,11.622923732718505,1.171098042021274,1.547764516805026
2023-10-30,229.1926727294922,140.06594848632812,V,AXP,12.017485158854129,1.203187517065069,1.5505209504352628
2023-10-31,231.1789703369141,142.76422119140625,V,AXP,9.5143882332938,0.9996119493476141,1.5526620063050047
2023-11-01,234.60093688964844,143.17481994628906,V,AXP,11.916011233934398,1.1949346956648637,1.5553358177035081
2023-11-02,239.1930389404297,147.4764404296875,V,AXP,9.512057575364963,0.9994223981535819,1.5574079540831471
2023-11-03,239.53721618652344,149.34371948242188,V,AXP,6.731847336350285,0.7733093491534533,1.5588561049437029
2023-11-06,239.4290313720703,149.56858825683594,V,AXP,6.077862614270828,0.7201211127266659,1.5601616053037415
2023-11-07,240.68771362304688,149.55880737304688,V,AXP,7.122966993407914,0.8051189069128434,1.5616916899253868
2023-11-08,240.3526763916016,149.58811950683594,V,AXP,6.532292068378979,0.7570796232673199,1.5630946166987372
2023-11-09,238.11575317382807,148.9624481201172,V,AXP,5.1092102145247225,0.6413411181585188,1.5641965199941965
2023-11-10,241.673095703125,150.927490234375,V,AXP,5.418753869398927,0.6665161421980876,1.5653499668406807
2023-11-13,241.1015625,150.8883819580078,V,AXP,4.755655160387249,0.6125866699665857,1.566362527536333
2023-11-14,243.33848571777344,153.40089416503906,V,AXP,2.9619167114907725,0.46670285726165645,1.5669828413625104
2023-11-15,244.4913787841797,155.8645477294922,V,AXP,0.24639117333782679,0.24585058125281473,1.5670336273950938
2023-11-16,244.94468688964844,155.4930419921875,V,AXP,1.2419611140491327,0.3268197653915262,1.567290231468002
2023-11-17,245.92027282714844,158.92454528808594,V,AXP,-3.062234949878757,-0.023238256067314066,1.566671198119153
2023-11-20,246.3242950439453,160.1857147216797,V,AXP,-4.4898077232545575,-0.13934200531901506,1.5657707255792794
2023-11-21,248.55128479003903,158.6605987548828,V,AXP,0.12126801266288112,0.23567437984051728,1.5657952807878879
2023-11-22,250.0195770263672,160.1270294189453,V,AXP,-0.6845767519706669,0.17013544534013234,1.5656579322558517
2023-11-24,250.59112548828125,160.74298095703125,V,AXP,-1.0438618345621933,0.1409149769219509,1.565449301889635
2023-11-27,250.43344116210935,160.3714599609375,V,AXP,-0.6006518954698663,0.17696101015677715,1.5653289751101902
2023-11-28,249.2509307861328,161.95523071289062,V,AXP,-4.129613542915195,-0.11004760045505055,1.5645097920809574
2023-11-29,250.5221405029297,163.6856231689453,V,AXP,-5.392380227931625,-0.21274775647851832,1.5634514246051012
2023-11-30,252.9364013671875,166.95095825195312,V,AXP,-7.831705082166081,-0.4111367748889478,1.5619443528788663
2023-12-01,252.70977783203125,169.87405395507812,V,AXP,-12.231096323828922,-0.7689369705135042,1.5596311972746688
2023-12-04,250.7290954589844,169.37548828125,V,AXP,-13.0160374085049,-0.8327758196231512,1.5571623470660487
2023-12-05,250.89659118652344,166.86294555664062,V,AXP,-8.657953041520045,-0.4783350905767107,1.5554953999055425
2023-12-06,250.5812530517578,163.7638397216797,V,AXP,-4.023388008664057,-0.10140833314564562,1.5547061029658815
2023-12-07,252.0889587402344,164.84901428222656,V,AXP,-4.07199010824209,-0.10536111656079189,1.553912529982867
2023-12-08,252.01011657714844,164.66326904296875,V,AXP,-3.7419827496920277,-0.07852179017205133,1.5531824481153849
2023-12-11,252.7787322998047,164.62417602539062,V,AXP,-2.821987218613117,-0.003699033360512638,1.5526317317998026
2023-12-12,255.7744140625,167.21487426757812,V,AXP,-3.7289081319900674,-0.07745843833210234,1.5519153025778765
2023-12-13,258.55328369140625,170.65615844726562,V,AXP,-6.094813653783149,-0.26987630071954083,1.5507679286415448
2023-12-14,254.95655822753903,174.8600311279297,V,AXP,-15.70618179706068,-1.0515638599702404,1.5478822591915222
2023-12-15,254.2666931152344,176.47312927246094,V,AXP,-18.304857702667192,-1.2629128162952505,1.544549881002405
2023-12-18,254.6017303466797,178.6728057861328,V,AXP,-20.7022354558394,-1.4578902988495774,1.5408274616342654
2023-12-19,256.1981201171875,181.595947265625,V,AXP,-22.875003313771742,-1.6346003757467393,1.5367805704537663
2023-12-20,253.36013793945312,176.6099853515625,V,AXP,-17.48879821226234,-1.1965431234743478,1.5335992221083055
2023-12-21,255.75469970703125,180.65740966796875,V,AXP,-20.63832146260478,-1.4526922071077186,1.5299290611861438
2023-12-22,254.660888671875,181.4199676513672,V,AXP,-22.18602761567962,-1.578566341486865,1.5260002516347504
2023-12-26,255.38026428222656,181.80123901367188,V,AXP,-21.362175376222922,-1.5115628684491,1.5222252673296566
2023-12-27,255.1535797119141,182.8766326904297,V,AXP,-22.50290658700183,-1.604337942988154,1.5182720843779307
2023-12-28,256.6021728515625,183.60009765625,V,AXP,-21.46318807736725,-1.5197781787601565,1.5145164108220943
2023-12-29,256.5528869628906,183.1503753662109,V,AXP,-20.18295000762521,-1.4156570841273979,1.5109760840903543
2024-01-02,255.0944366455078,184.09869384765625,V,AXP,-22.356059791197993,-1.5923949696586,1.507074768636323
2024-01-03,254.2174530029297,182.1531982421875,V,AXP,-19.669131240825493,-1.37386847175406,1.5036056840440468
2024-01-04,255.82362365722656,183.5458984375,V,AXP,-19.529610023288285,-1.3625212838850127,1.500187342918352
2024-01-05,255.9025421142578,185.4290313720703,V,AXP,-21.58237271552605,-1.529471403232855,1.4964480630489838
2024-01-08,258.7109069824219,185.5761566162109,V,AXP,-18.4029466499955,-1.27089033923304,1.4932621662464705
2024-01-09,259.4894104003906,183.1830291748047,V,AXP,-13.613518734449087,-0.8813686643059185,1.4908746206736643
2024-01-10,260.7014465332031,181.4176025390625,V,AXP,-9.465361722432533,-0.5440012175725586,1.4891984265830205
2024-01-11,260.17919921875,181.4764404296875,V,AXP,-9.76162136442258,-0.5680958597711994,1.4874703291734463
2024-01-12,260.31719970703125,178.54385375976562,V,AXP,-5.097712390903666,-0.18878257494739853,1.4865530597040661
2024-01-16,261.3715515136719,177.49441528320312,V,AXP,-2.4060171442371825,0.030131595881140283,1.4861175673445044
2024-01-17,262.7413024902344,177.52383422851562,V,AXP,-1.0463697413166528,0.14071101017335716,1.485928204389689
2024-01-18,264.2292785644531,176.33705139160156,V,AXP,2.136443482037464,0.3995675499527314,1.4863174415929834
2024-01-19,266.9490051269531,179.65216064453125,V,AXP,-0.0689204691519194,0.2202064497881875,1.486305116721864
2024-01-22,267.24462890625,181.45681762695312,V,AXP,-2.3791338086772953,0.032318003543926964,1.4858838937053975
2024-01-23,267.3037414550781,181.90798950195312,V,AXP,-2.897328590690904,-0.009826507864886501,1.4853721971506255
2024-01-24,267.6881103515625,182.2512664794922,V,AXP,-2.928762221312695,-0.012382988652309232,1.4848559233651544
2024-01-25,268.6340637207031,184.4580535888672,V,AXP,-5.095856558945343,-0.18863164110195052,1.4839683871421336
2024-01-26,264.0321960449219,197.56146240234372,V,AXP,-28.235649608488984,-2.0705789435903483,1.4793768081053829
2024-01-29,269.6687927246094,197.00241088867188,V,AXP,-21.094313778055323,-1.4897778243463964,1.4759367928089873
2024-01-30,273.1078491210937,200.229248046875,V,AXP,-21.720070252096207,-1.5406702720798093,1.4724518133543043
2024-01-31,269.2745666503906,196.8847503662109,V,AXP,-19.98663581134207,-1.3996909529116082,1.4691904879565283
2024-02-01,273.00933837890625,199.3170928955078,V,AXP,-19.208337531588597,-1.336392359662422,1.4660944109981087
2024-02-02,273.137451171875,202.44583129882807,V,AXP,-22.93056652362253,-1.639119302630502,1.4624554914073522
2024-02-05,271.56072998046875,201.98486328125,V,AXP,-23.091294733118218,-1.6521912440971593,1.45878270246075
2024-02-06,272.7235412597656,201.70042419433597,V,AXP,-20.843902231009906,-1.469411983802141,1.4554626975297127
2024-02-07,275.3151550292969,205.06455993652344,V,AXP,-22.42812039286224,-1.5982556208159964,1.4519489643374937
2024-02-08,272.2645874023437,207.15365600585935,V,AXP,-27.62446518144003,-2.020871632840204,1.4476647835522698
2024-02-09,272.9062805175781,208.38946533203125,V,AXP,-27.876237377092195,-2.0413481342261366,1.4433671942841608
2024-02-12,271.5636291503906,208.1834716796875,V,AXP,-28.02133056490578,-2.0531484875322614,1.439042961951561
2024-02-13,272.2942199707031,205.64321899414065,V,AXP,-22.8995203076787,-1.6365943300768204,1.4354654713258146
2024-02-14,274.0218505859375,206.8495941162109,V,AXP,-22.190685385050585,-1.5789451554410145,1.4320189374148438
2024-02-15,277.3983154296875,208.4482879638672,V,AXP,-20.446694973365595,-1.437107324661412,1.4288676261744213
2024-02-16,275.0091247558594,208.47772216796875,V,AXP,-22.16582768455868,-1.5769234916220405,1.4254518389307165
2024-02-20,271.642578125,208.40907287597656,V,AXP,-24.642824699597895,-1.7783763672265958,1.421653091854193
2024-02-21,273.2320861816406,206.83978271484372,V,AXP,-20.17419939220673,-1.4149454011384162,1.4185195987096308
2024-02-22,280.13299560546875,209.88026428222656,V,AXP,-17.038869514017165,-1.1599506570611133,1.4159114299564541
2024-02-23,279.98486328125,210.43930053710935,V,AXP,-17.41893427637706,-1.1908611259993047,1.4132521672451681
2024-02-26,280.52789306640625,212.79324340820312,V,AXP,-19.573777893114823,-1.3661134337066962,1.410296991356222
2024-02-27,279.5603942871094,213.7936248779297,V,AXP,-21.26881421425213,-1.5039698538291366,1.407100930503081
2024-02-28,281.989013671875,213.84266662597656,V,AXP,-18.320619923289655,-1.2641947494792751,1.4043485256402264
2024-02-29,279.0371398925781,215.2059783935547,V,AXP,-22.465321279771047,-1.6012811495499097,1.4009948209755636
2024-03-01,279.5505065917969,215.4413604736328,V,AXP,-21.588166476909635,-1.5299426068250286,1.397775582212599
2024-03-04,276.9540405273437,214.70578002929688,V,AXP,-22.435671417028516,-1.5988697416739626,1.3944185009994612
2024-03-05,275.8186950683594,213.02859497070312,V,AXP,-20.571426356446807,-1.447251663006303,1.3913161351205805
2024-03-06,276.85528564453125,214.25460815429688,V,AXP,-20.57945705997963,-1.4479047959370221,1.3882303175029556
2024-03-07,274.7129821777344,219.129150390625,V,AXP,-28.570859574192184,-2.097841395305957,1.3840415171203162
2024-03-08,276.4703063964844,219.0801239013672,V,AXP,-25.913175099293085,-1.8816933028103637,1.3802415121506622
2024-03-11,276.9836120605469,215.961181640625,V,AXP,-20.438358251661896,-1.4364293034324285,1.3772010694363601
2024-03-12,280.30084228515625,218.3739318847656,V,AXP,-19.807616317586394,-1.385131390834065,1.3742870131637681
2024-03-13,281.5052795410156,218.53086853027344,V,AXP,-18.23308564993647,-1.257075632672154,1.371606525004173
2024-03-14,282.7590637207031,216.2358245849609,V,AXP,-13.400877845654009,-0.8640746917016767,1.3696155210858383
2024-03-15,279.4320373535156,214.2644195556641,V,AXP,-13.5911965934651,-0.8795532162195576,1.367577662005874
2024-03-18,281.4163818359375,216.7261962890625,V,AXP,-14.507446185071046,-0.954071317727078,1.3654271291981461
2024-03-19,283.68707275390625,217.432373046875,V,AXP,-12.790084585852469,-0.8143991943797907,1.3635373297234028
2024-03-20,285.592529296875,223.53292846679688,V,AXP,-18.60523765762275,-1.2873425613988416,1.3608633369632728
2024-03-21,286.6686096191406,224.71966552734372,V,AXP,-18.54824969610803,-1.282707760205187,1.3582116126730799
2024-03-22,279.6492614746094,221.6203765869141,V,AXP,-20.693299578465314,-1.4571635486023509,1.3552118522607406
2024-03-25,277.6253662109375,221.68902587890625,V,AXP,-22.100221349304434,-1.5715877625861963,1.35200913248616
2024-03-26,277.0231628417969,220.149169921875,V,AXP,-19.978675891253772,-1.3990435767615224,1.3490936115655061
2024-03-27,275.4632873535156,223.37600708007807,V,AXP,-25.08592796047236,-1.8144137243775906,1.3454856644753441
2024-03-28,275.5224914550781,223.3171539306641,V,AXP,-24.171002536638696,-1.7400033167445035,1.3420083890410237
2024-04-01,274.7326965332031,223.2386932373047,V,AXP,-24.081832052391178,-1.7327511277585474,1.3385427241681254
2024-04-02,274.89068603515625,221.1986389160156,V,AXP,-20.53346946819272,-1.4441646490771944,1.3355604580167206
2024-04-03,273.4295349121094,222.2775115966797,V,AXP,-22.706049188842655,-1.620859424867282,1.3322786546139092
2024-04-04,270.5072937011719,216.04000854492188,V,AXP,-16.77913935900682,-1.138826938990253,1.329783473881146
2024-04-05,273.60723876953125,218.8636016845703,V,AXP,-16.891299576940696,-1.147948871028938,1.327304019994805
2024-04-08,274.2193298339844,220.4869079589844,V,AXP,-17.860044638178863,-1.226736401707916,1.3247016667606255
2024-04-09,273.19256591796875,216.28598022460935,V,AXP,-12.907167506866585,-0.8239214872930509,1.3227844593890254
2024-04-10,270.9811706542969,214.13134765625,V,AXP,-11.886571625270562,-0.740916956431947,1.3210010835669963
2024-04-11,272.1658935546875,214.67247009277344,V,AXP,-11.061308390193858,-0.6737987278561697,1.3193457075445263
2024-04-12,272.4422607421875,214.67247009277344,V,AXP,-10.449241258025893,-0.6240196271589822,1.317781930202593
2024-04-15,267.82196044921875,214.8692321777344,V,AXP,-14.85169469698775,-0.9820688696930867,1.3155613406408322
2024-04-16,267.8910522460937,214.8101959228516,V,AXP,-14.247220490515872,-0.9329072976834355,1.3134305451587533
2024-04-17,269.2139892578125,214.1510162353516,V,AXP,-11.683155179411642,-0.7243732029616228,1.311677849469174
2024-04-18,267.9107971191406,213.98377990722656,V,AXP,-12.369592579321477,-0.7802007987539257,1.3098207248230622
2024-04-19,266.341064453125,227.3048858642578,V,AXP,-30.41059301828159,-2.2474659569858653,1.3055225642999204
2024-04-22,268.8585510253906,229.2332000732422,V,AXP,-29.463982761156103,-2.1704786383831913,1.3013932261610877
2024-04-23,270.6158752441406,235.09683227539065,V,AXP,-34.23760742824959,-2.5587150433542303,1.296714548307002
2024-04-24,271.5143127441406,235.25425720214844,V,AXP,-32.499211745649404,-2.4173322289737267,1.2922763996086089
2024-04-25,271.6524963378906,233.26693725585935,V,AXP,-28.865507154830368,-2.1218049293954593,1.2883008926511397
2024-04-26,271.0205993652344,231.83053588867188,V,AXP,-26.786329799772375,-1.9527065192943578,1.2845888830969947
2024-04-29,268.3747863769531,235.05751037597656,V,AXP,-32.532321264546056,-2.420025008880653,1.2801424943206265
2024-04-30,265.1859741210937,230.2465362548828,V,AXP,-28.642220254687686,-2.1036451222396733,1.2761459918359583
2024-05-01,263.9124450683594,227.71810913085935,V,AXP,-25.858362555652036,-1.8772354272180047,1.272497864706461
2024-05-02,264.19873046875,228.7412872314453,V,AXP,-26.037567231579374,-1.891810050065006,1.2688408866330376
2024-05-03,265.0674743652344,227.03924560546875,V,AXP,-22.293002087762204,-1.587266519519568,1.2656863604645225
2024-05-06,269.1942443847656,230.5417022705078,V,AXP,-21.895803158195974,-1.5549625376970866,1.2626351097269548
2024-05-07,272.9358825683594,230.8663787841797,V,AXP,-17.98627282334411,-1.2370024741857952,1.2601321895539654
2024-05-08,273.6565856933594,232.4208526611328,V,AXP,-18.626019193402442,-1.2890327128672847,1.2575575794522482
2024-05-09,274.98944091796875,235.27394104003903,V,AXP,-20.231126947277062,-1.4195752895074474,1.2547950128272176
2024-05-10,277.1613464355469,238.3828582763672,V,AXP,-21.276723731151662,-1.5046131307141626,1.2519275602472508
2024-05-13,275.8285522460937,234.7918701171875,V,AXP,-17.55003563296765,-1.201523530968095,1.2495261770888084
2024-05-14,274.1995849609375,237.6252899169922,V,AXP,-22.012253423436107,-1.5644333770461467,1.2465501398771444
2024-05-15,277.9116516113281,237.79254150390625,V,AXP,-17.932559770104262,-1.2326340195744374,1.2441273788924643
2024-05-16,276.7840881347656,237.4187164306641,V,AXP,-18.01623454915938,-1.2394392457228276,1.2416894805764762
2024-05-17,277.041259765625,238.8944396972656,V,AXP,-18.981635122908642,-1.3179547709783141,1.2391368139989485
2024-05-20,275.4983215332031,238.3828582763672,V,AXP,-19.271522982792817,-1.3415311994608463,1.2365396012420364
2024-05-21,272.93658447265625,239.15023803710935,V,AXP,-22.07302152124521,-1.5693756147534734,1.2335743774092516
2024-05-22,272.57061767578125,236.2085876464844,V,AXP,-18.224742404575466,-1.2563970808775238,1.2310956302552734
2024-05-23,271.2353820800781,231.6534423828125,V,AXP,-13.517873509010599,-0.8735898879951508,1.2292209114619053
2024-05-24,271.4925537109375,234.32943725585935,V,AXP,-16.034940542130073,-1.0783016372756868,1.2270225099338348
2024-05-28,268.0209045410156,233.4144744873047,V,AXP,-17.811678816935114,-1.22280283468649,1.2245709439647328
2024-05-29,265.9240417480469,232.12567138671875,V,AXP,-17.759748160231823,-1.2185793414560206,1.2221129537872815
2024-05-30,268.3373718261719,233.38499450683597,V,AXP,-16.359864251259125,-1.1047275131078826,1.2198609284158244
2024-05-31,269.48468017578125,236.1200256347656,V,AXP,-17.971546504363403,-1.2358047903421245,1.2174157016431413
2024-06-03,267.42742919921875,233.0504913330078,V,AXP,-15.784784720637447,-1.0579565947572922,1.2152397203710328
2024-06-04,269.4451599121094,233.4144744873047,V,AXP,-13.767089245923557,-0.8938584739248876,1.2133448441023598
2024-06-05,271.5024108886719,230.89588928222656,V,AXP,-8.38455748807354,-0.45609997277685116,1.2121782213049126
2024-06-06,274.01470947265625,229.5775604248047,V,AXP,-4.141167216478209,-0.11098725470127446,1.2115987127593901
2024-06-07,275.6269226074219,228.9085235595703,V,AXP,-1.664863265335839,0.09040925437794797,1.2113650534319065
2024-06-10,272.0365295410156,228.6822662353516,V,AXP,-4.826128395658202,-0.16669479023139377,1.2106870484296177
2024-06-11,271.67059326171875,220.90013122558597,V,AXP,4.09800974165762,0.5591007109901078,1.211283044675119
2024-06-12,267.3680725097656,220.4180603027344,V,AXP,0.3676034294438182,0.2557087108358579,1.2113366242022479
2024-06-13,268.2285461425781,218.5979766845703,V,AXP,3.325958829782678,0.49631021291279637,1.2118254310058925
2024-06-14,267.704345703125,221.1854705810547,V,AXP,-0.3234414013016931,0.19950639509623141,1.2117784518138426
2024-06-17,268.2088317871094,224.5796661376953,V,AXP,-3.809579039537198,-0.08401936117711485,1.2112334812175978
2024-06-18,270.6320495605469,225.60284423828125,V,AXP,-2.543940355486484,0.018914373030209066,1.2108712141390623
2024-06-20,273.7970886230469,226.4883270263672,V,AXP,-0.4370654286377089,0.19026541220217305,1.210809217641309
2024-06-21,272.214599609375,226.65554809570312,V,AXP,-2.152862813443562,0.05072050559741388,1.2105040654331105
2024-06-24,273.28277587890625,227.72792053222656,V,AXP,-2.3086290376760985,0.038052119804784415,1.210178375460037
2024-06-25,270.54302978515625,226.86216735839844,V,AXP,-3.876131921013666,-0.08943207232363654,1.2096294631296571
2024-06-26,270.6122741699219,226.95068359375,V,AXP,-3.7921306283179774,-0.08260029099111907,1.209092655959714
2024-06-27,263.6788024902344,224.70755004882807,V,AXP,-7.764013648134323,-0.40563146585680193,1.2079826248801397
2024-06-28,259.6037902832031,227.80665588378903,V,AXP,-15.097653626458111,-1.0020725811717772,1.2058534586882073
2024-07-01,260.3653869628906,230.0301055908203,V,AXP,-16.48752133278373,-1.115109796981571,1.2035507595172907
2024-07-02,265.3009338378906,232.1551818847656,V,AXP,-13.67042558421025,-0.8859968687229518,1.20165898153664
2024-07-03,266.0526123046875,231.8993988037109,V,AXP,-12.218831974368243,-0.7679395173671048,1.1999662168792253
2024-07-05,267.4076538085937,232.5111846923828,V,AXP,-11.236907775300267,-0.6880801342806816,1.1984135814909145
2024-07-08,263.49090576171875,231.406005859375,V,AXP,-13.398736906128079,-0.8639005702064244,1.1965533981694154
2024-07-09,262.5413818359375,234.6031188964844,V,AXP,-17.608087055831504,-1.2062448229187333,1.194142133359196
2024-07-10,260.12799072265625,235.7675018310547,V,AXP,-20.745433951558823,-1.461403609980609,1.191315268189431
2024-07-11,259.6829528808594,235.5898895263672,V,AXP,-20.32587564013039,-1.4272811512905603,1.188543485817337
2024-07-12,262.83807373046875,235.47146606445312,V,AXP,-16.499915053171605,-1.1161177717980193,1.1862923073115794
2024-07-15,265.5184936523437,240.77040100097656,V,AXP,-19.479759911493318,-1.3584670002870383,1.18369306351191
2024-07-16,266.3097839355469,246.32586669921875,V,AXP,-24.4780365867187,-1.764974235934792,1.180500547582922
2024-07-17,269.7221374511719,246.65151977539065,V,AXP,-20.782444731448095,-1.4644136774097547,1.1777936030848843
2024-07-18,266.2108764648437,245.90155029296875,V,AXP,-22.681707387453343,-1.6188797188533068,1.174830266454638
2024-07-19,262.5611267089844,239.1718597412109,V,AXP,-17.851696383380556,-1.2260574424983621,1.1724323396396952
2024-07-22,264.7865905761719,241.51046752929688,V,AXP,-17.796353293293976,-1.2215564178402412,1.1700649945335666
2024-07-23,261.89849853515625,243.6320037841797,V,AXP,-22.44567453296554,-1.599683289877002,1.1671051776925285
2024-07-24,251.39442443847656,237.80023193359372,V,AXP,-25.329697185136297,-1.834239348306195,1.1636831443498707
2024-07-25,250.9691162109375,237.0009613037109,V,AXP,-24.052189474607076,-1.7303403123644707,1.1604227433200642
2024-07-26,256.62664794921875,242.63536071777344,V,AXP,-24.156861997263604,-1.738853274050703,1.1572241948405937
2024-07-29,258.7432861328125,244.60891723632807,V,AXP,-23.56694239020385,-1.6908754200217526,1.154128932471678
2024-07-30,260.2269592285156,249.13815307617188,V,AXP,-26.46050203548066,-1.9262071171272017,1.1507168120345823
2024-07-31,262.76885986328125,249.69073486328125,V,AXP,-23.790166321744778,-1.7090301059739934,1.1476558244819621
2024-08-01,263.0260009765625,245.3884429931641,V,AXP,-18.016658573642246,-1.2394737314129118,1.1452970487205623
2024-08-02,263.6688842773437,229.20550537109372,V,AXP,1.124372998839192,0.3172563852977528,1.1454546471448557
2024-08-05,253.63966369628903,222.92970275878903,V,AXP,-1.6627806125600841,0.09057863544220211,1.1452150213697074
2024-08-06,255.4397735595703,228.06088256835935,V,AXP,-5.560339425204575,-0.22640779041050624,1.1444317414080964
2024-08-07,253.71876525878903,225.7715759277344,V,AXP,-4.516298636973062,-0.1414964975180702,1.1437890834336857
2024-08-08,256.9926452636719,230.44883728027344,V,AXP,-6.387024888146129,-0.29364168803691193,1.1428986722614438
2024-08-09,257.4386291503906,234.70181274414065,V,AXP,-10.465537521970361,-0.625344993807909,1.1414661162605326
2024-08-12,257.56744384765625,233.91238403320312,V,AXP,-9.141916813752346,-0.5176956118097495,1.1402105184116718
2024-08-13,257.8052978515625,235.8267059326172,V,AXP,-10.741697178414654,-0.6478049146632386,1.1387471744048747
2024-08-14,258.8063049316406,240.5335693359375,V,AXP,-14.630584667166374,-0.9640861062654046,1.1367930486946527
2024-08-15,264.4156799316406,246.1975860595703,V,AXP,-14.978804509688871,-0.9924066444787345,1.1348384397795306
2024-08-16,264.9905090332031,248.3783416748047,V,AXP,-16.35339947137203,-1.1042017359307206,1.1327231940091276
2024-08-19,264.0886535644531,250.68739318847656,V,AXP,-19.25225903300651,-1.3399644724699007,1.130255929481196
2024-08-20,265.6446228027344,249.73020935058597,V,AXP,-16.097274313256037,-1.0833712103774544,1.1281850836094265
2024-08-21,265.8031921386719,243.0399475097656,V,AXP,-8.129671604573105,-0.4353702367818494,1.1271104464513517
2024-08-22,265.5455017089844,244.48062133789065,V,AXP,-9.699545871913642,-0.5630472923346752,1.125835847743894
2024-08-23,265.04998779296875,247.9737701416016,V,AXP,-13.68802060114649,-0.8874278622754653,1.1240624693286965
2024-08-26,265.8130798339844,250.51963806152344,V,AXP,-15.295256574405073,-1.0181435258883669,1.1221010000794984
2024-08-27,268.3006591796875,251.65440368652344,V,AXP,-13.642703432279347,-0.8837422405621107,1.1203593439325354
2024-08-28,266.7843017578125,253.6871490478516,V,AXP,-16.893725954274657,-1.148146207032276,1.1182199365509782
2024-08-29,271.8684997558594,256.4007263183594,V,AXP,-14.381861974082426,-0.9438576193331838,1.1164179050511724
2024-08-30,273.900146484375,255.2264862060547,V,AXP,-10.695656111487096,-0.6440604186981067,1.1150715853451683
2024-09-03,276.05078125,250.9439392089844,V,AXP,-3.6523372271212224,-0.07123096656697085,1.1146040002352333
2024-09-04,277.9833068847656,248.40794372558597,V,AXP,1.0723674594052568,0.3130268018938477,1.114742690077824
2024-09-05,276.13006591796875,248.50662231445312,V,AXP,-0.8631447257746458,0.15561260514481587,1.1146311034449785
2024-09-06,276.87335205078125,240.82960510253903,V,AXP,8.174561645171707,0.8906445515874023,1.115721591999474
2024-09-09,283.0575866699219,247.5988006591797,V,AXP,6.594402052675093,0.7621309959029094,1.1165772365666624
2024-09-10,282.7899780273437,242.17160034179688,V,AXP,12.001124854821967,1.2018569420692038,1.1181693179147965
2024-09-11,281.4223327636719,250.81565856933597,V,AXP,0.9378295046734593,0.30208490019024514,1.1182894435654254
2024-09-12,282.8197326660156,251.77281188964844,V,AXP,1.225484155785125,0.3254797029678143,1.1184458178655634
2024-09-13,284.78204345703125,255.57183837890625,V,AXP,-1.028178334779568,0.14219050778112038,1.1183165704199134
2024-09-16,287.88409423828125,257.6341552734375,V,AXP,-0.22521527948572384,0.2074950743635728,1.1182884862916758
2024-09-17,288.95440673828125,261.8871154785156,V,AXP,-3.789204463439887,-0.08236230752743087,1.1178236495782736
2024-09-18,285.9019470214844,258.7097473144531,V,AXP,-3.1875222388824795,-0.0334278059510063,1.1174278211828956
2024-09-19,282.6908874511719,265.1928100585937,V,AXP,-13.218276496124815,-0.8492238191618299,1.1158264957557344
2024-09-20,282.22509765625,265.4296264648437,V,AXP,-13.514146971289392,-0.8732868106254859,1.1141907878422541
2024-09-23,286.05059814453125,263.7619934082031,V,AXP,-7.586844591754698,-0.39122239888614346,1.1132666952582777
2024-09-24,270.3422546386719,262.6864318847656,V,AXP,-21.40996899831282,-1.5154498988117162,1.110648241493377
2024-09-25,267.22039794921875,262.64697265625,V,AXP,-23.72576900863413,-1.7037927060786442,1.1077461278742422
2024-09-26,269.2619934082031,264.60076904296875,V,AXP,-23.106158630161644,-1.653400117092931,1.1049406738152256
2024-09-27,272.7109375,267.47222900390625,V,AXP,-22.11938398278477,-1.5731462495748083,1.102283861695709
2024-09-30,272.4928283691406,267.6103515625,V,AXP,-21.789711228566773,-1.5463341363819156,1.0996679981901902
2024-10-01,275.1191711425781,265.0447998046875,V,AXP,-15.833436754097136,-1.0619134392689955,1.0977487885484993
2024-10-02,274.5245666503906,267.3340759277344,V,AXP,-18.351517115860133,-1.26670760203971,1.0955434048198962
2024-10-03,274.3857727050781,265.034912109375,V,AXP,-15.47433745407261,-1.032708080450112,1.0936676525073452
2024-10-04,275.4461975097656,273.02880859375,V,AXP,-22.435790098589734,-1.59887939398345,1.0910276799822445
2024-10-07,271.3432006835937,270.8720397949219,V,AXP,-23.43287096566314,-1.6799714609753196,1.088248428565875
2024-10-08,272.5027770996094,266.2419128417969,V,AXP,-16.69811049448299,-1.132236903690982,1.086233510371216
2024-10-09,274.45513916015625,268.5273132324219,V,AXP,-16.69196856847674,-1.1317373840515972,1.0842364757011989
2024-10-10,274.9903564453125,267.5874328613281,V,AXP,-14.666511653624752,-0.9670080293399593,1.0824756043347006
2024-10-11,275.35699462890625,273.216796875,V,AXP,-19.758739024421345,-1.3811562260679864,1.0801522345214618
2024-10-14,278.171630859375,273.57293701171875,V,AXP,-16.78939985548851,-1.1396614198187793,1.0781805902907295
2024-10-15,276.7940673828125,274.35455322265625,V,AXP,-18.417977387446058,-1.272112781272125,1.0760238578241315
2024-10-16,284.9504699707031,278.67791748046875,V,AXP,-14.449405741319936,-0.9493509187019542,1.0743580920185634
2024-10-17,287.7948913574219,282.7342834472656,V,AXP,-15.466098787342787,-1.0320380339810233,1.072600699311117
2024-10-18,288.0228271484375,273.840087890625,V,AXP,-5.520874967101975,-0.2231981666117394,1.0719529940874994
2024-10-21,284.2864990234375,267.85455322265625,V,AXP,-2.7525605168801803,0.001947404088915782,1.0716228493667388
2024-10-22,282.2449645996094,269.4968566894531,V,AXP,-6.350019503956219,-0.29063205943718157,1.0708658633303454
2024-10-23,281.2240905761719,268.33935546875,V,AXP,-5.940515645578614,-0.2573273241708684,1.0701546395239547
2024-10-24,280.68896484375,267.1026611328125,V,AXP,-4.991816460727819,-0.1801701141655651,1.0695542309195776
2024-10-25,279.2122802734375,264.50067138671875,V,AXP,-3.5708133358853615,-0.0646006710033417,1.069120513482077
2024-10-28,281.6502685546875,268.5767517089844,V,AXP,-5.319740285846308,-0.20683998786677305,1.0684841745032325
2024-10-29,279.3609313964844,267.5478210449219,V,AXP,-6.307056225098279,-0.28713787837084087,1.0677268329298721
2024-10-30,287.5669250488281,271.158935546875,V,AXP,-1.8958393069082717,0.07162409335917817,1.0675022151563847
2024-10-31,287.2596740722656,267.2015686035156,V,AXP,1.9584878851658232,0.3850945140539984,1.0677376921033017
2024-11-01,288.1417236328125,269.7837829589844,V,AXP,0.08081357382934584,0.23238424142512834,1.0677473156449047
2024-11-04,289.2418212890625,267.3104248046875,V,AXP,3.7028716069215193,0.5269643325365604,1.0681923456250249
2024-11-05,290.6689758300781,272.9991455078125,V,AXP,-0.9171565239179813,0.15121985376623762,1.0680844140065329
2024-11-06,304.6528625488281,292.01434326171875,V,AXP,-7.017651951165021,-0.3449302582321407,1.0673123484919282
2024-11-07,303.067138671875,283.76318359375,V,AXP,0.19686417324334116,0.2418225761609542,1.067334636801356
