date,adj_close,
11/07/2025,336.02,
11/06/2025,336.96,
11/05/2025,340.04,
11/04/2025,340.3,
11/03/2025,336.9,
10/31/2025,340.74,
10/30/2025,345.03,
10/29/2025,341.28,
10/28/2025,346.9,
10/27/2025,347.82,
10/24/2025,347.38,
10/23/2025,345.96,
10/22/2025,345.36,
10/21/2025,347.21,
10/20/2025,344.41,
10/17/2025,341.89,
10/16/2025,335.4,
10/15/2025,345.69,
10/14/2025,348.38,
10/13/2025,343.3,
10/10/2025,343.65,
10/09/2025,347.04,
10/08/2025,351.36,
10/07/2025,352.42,
10/06/2025,349.28,
10/03/2025,349.84,
10/02/2025,345.95,
10/01/2025,347.83,
09/30/2025,341.38,
09/29/2025,340.16,
09/26/2025,337.37,
09/25/2025,334.93,
09/24/2025,338.68,
09/23/2025,338.7,
09/22/2025,344.36,
09/19/2025,341.61,
09/18/2025,338.18,
09/17/2025,346.2,
09/16/2025,340.03,
09/15/2025,339.05,
09/12/2025,339.43,
09/11/2025,343.49,
09/10/2025,338.12,
09/09/2025,343.99,
09/08/2025,342.3,
09/05/2025,343.22,
09/04/2025,350.99,
09/03/2025,350.87,
09/02/2025,350.07,
08/29/2025,351.78,
08/28/2025,349.86,
08/27/2025,350.35,
08/26/2025,351.18,
08/25/2025,348.82,
08/22/2025,350.04,
08/21/2025,343.69,
08/20/2025,343.93,
08/19/2025,342.45,
08/18/2025,342.74,
08/15/2025,344.47,
08/14/2025,345.49,
08/13/2025,342.55,
08/12/2025,336.74,
08/11/2025,335.9,
08/08/2025,336.78,
08/07/2025,332.09,
08/06/2025,339.74,
08/05/2025,337.43,
08/04/2025,342.15,
08/01/2025,339.35,
07/31/2025,345.47,
07/30/2025,350.91,
07/29/2025,351.29,
07/28/2025,355.47,
07/25/2025,357.04,
07/24/2025,353.97,
07/23/2025,355.29,
07/22/2025,351.86,
07/21/2025,350.94,
07/18/2025,349.05,
07/17/2025,349.81,
07/16/2025,349.9,
07/15/2025,347.02,
07/14/2025,350.5,
07/11/2025,347.93,
07/10/2025,355.88,
07/09/2025,357.76,
07/08/2025,354.55,
07/07/2025,356.64,
07/03/2025,358.86,
07/02/2025,354.22,
07/01/2025,355.47,
06/30/2025,355.05,
06/27/2025,348.61,
06/26/2025,346.03,
06/25/2025,345.26,
06/24/2025,351.63,
06/23/2025,343.75,
06/20/2025,338.57,
06/18/2025,340.38,
06/17/2025,357.84,
06/16/2025,355.48,
06/13/2025,352.85,
06/12/2025,371.4,
06/11/2025,373.31,
06/10/2025,370.7,
06/09/2025,366.66,
06/06/2025,370.22,
06/05/2025,366.77,
06/04/2025,368,
06/03/2025,365.86,
06/02/2025,365.32,
05/30/2025,365.19,
05/29/2025,362.4,
05/28/2025,359.73,
05/27/2025,359.3,
05/23/2025,353.54,
05/22/2025,357.97,
05/21/2025,358.3,
05/20/2025,366.84,
05/19/2025,367.9,
05/16/2025,365.12,
05/15/2025,362.3,
05/14/2025,356.46,
05/13/2025,356.14,
05/12/2025,355.85,
05/09/2025,352.54,
05/08/2025,351.27,
05/07/2025,349.85,
05/06/2025,347.7,
05/05/2025,348.64,
05/02/2025,347.6,
05/01/2025,342.45,
04/30/2025,345.5,
04/29/2025,341.52,
04/28/2025,337.51,
04/25/2025,335.17,
04/24/2025,335.71,
04/23/2025,334.37,
04/22/2025,331.4,
04/21/2025,320.1,
04/17/2025,329.61,
04/16/2025,331.33,
04/15/2025,335.81,
04/14/2025,335.18,
04/11/2025,333.4,
04/10/2025,324.61,
04/09/2025,332.43,
04/08/2025,308.27,
04/07/2025,312.32,
04/04/2025,313.13,
04/03/2025,339.39,
04/02/2025,346.33,
04/01/2025,346.35,
03/31/2025,350.46,
03/28/2025,342.85,
03/27/2025,349.86,
03/26/2025,344.18,
03/25/2025,344.62,
03/24/2025,343.87,
03/21/2025,335.66,
03/20/2025,339.5,
03/19/2025,339.87,
03/18/2025,334.77,
03/17/2025,334.55,
03/14/2025,331.8,
03/13/2025,328.55,
03/12/2025,332.84,
03/11/2025,332.14,
03/10/2025,341.48,
03/07/2025,345.32,
03/06/2025,344.16,
03/05/2025,352.68,
03/04/2025,352.23,
03/03/2025,361.82,
02/28/2025,362.71,
02/27/2025,355.74,
02/26/2025,350.63,
02/25/2025,352.09,
02/24/2025,349.86,
02/21/2025,348.53,
02/20/2025,350.49,
02/19/2025,355.23,
02/18/2025,356.73,
02/14/2025,353.81,
02/13/2025,355.63,
02/12/2025,351.49,
02/11/2025,350.72,
02/10/2025,351.23,
02/07/2025,348.02,
02/06/2025,347.48,
02/05/2025,349.44,
02/04/2025,345.15,
02/03/2025,345.82,
01/31/2025,341.8,
01/30/2025,343.05,
01/29/2025,335.88,
01/28/2025,334.48,
01/27/2025,334.54,
01/24/2025,330.2,
01/23/2025,328.21,
01/22/2025,323.56,
01/21/2025,323.63,
01/17/2025,319.62,
01/16/2025,317.25,
01/15/2025,316.28,
01/14/2025,309.09,
01/13/2025,306.92,
01/10/2025,307.71,
01/08/2025,312.6,
01/07/2025,311.67,
01/06/2025,313.04,
01/03/2025,314.91,
01/02/2025,314.4,
12/31/2024,316.04,
12/30/2024,315.31,
12/27/2024,318.66,
12/26/2024,320.91,
12/24/2024,320.65,
12/23/2024,317.22,
12/20/2024,317.71,
12/19/2024,314.88,
12/18/2024,309.78,
12/17/2024,318.3,
12/16/2024,315.89,
12/13/2024,314.74,
12/12/2024,314.23,
12/11/2024,313.79,
12/10/2024,312.38,
12/09/2024,308.3,
12/06/2024,311.01,
12/05/2024,309.08,
12/04/2024,309.9,
12/03/2024,313.01,
12/02/2024,316.65,
11/29/2024,315.08,
11/27/2024,314.7,
11/26/2024,311.82,
11/25/2024,313.19,
11/22/2024,309.92,
11/21/2024,309.9,
11/20/2024,307.39,
11/19/2024,311.85,
11/18/2024,312.16,
11/15/2024,309.64,
11/14/2024,308.25,
11/13/2024,309.48,
11/12/2024,309.85,
11/11/2024,310.92,
11/08/2024,307.87,
11/07/2024,305.8,
11/06/2024,307.4,
11/05/2024,293.29,
11/04/2024,291.85,
11/01/2024,290.74,
10/31/2024,289.85,
10/30/2024,290.16,
10/29/2024,281.88,
10/28/2024,284.19,
10/25/2024,281.73,
10/24/2024,283.22,
10/23/2024,283.76,
10/22/2024,284.79,
10/21/2024,286.85,
10/18/2024,290.62,
10/17/2024,290.39,
10/16/2024,287.52,
10/15/2024,279.29,
10/14/2024,280.68,
10/11/2024,277.84,
10/10/2024,277.47,
10/09/2024,276.93,
10/08/2024,274.96,
10/07/2024,273.79,
10/04/2024,277.93,
10/03/2024,276.86,
10/02/2024,277,
10/01/2024,277.6,
09/30/2024,274.95,
09/27/2024,275.17,
09/26/2024,271.69,
09/25/2024,269.63,
09/24/2024,272.78,
09/23/2024,288.63,
09/20/2024,284.77,
09/19/2024,285.24,
09/18/2024,288.48,
09/17/2024,291.56,
09/16/2024,290.48,
09/13/2024,287.35,
09/12/2024,285.37,
09/11/2024,283.96,
09/10/2024,285.34,
09/09/2024,285.61,
09/06/2024,279.37,
09/05/2024,278.62,
09/04/2024,280.49,
09/03/2024,278.54,
08/30/2024,276.37,
08/29/2024,274.32,
08/28/2024,269.19,
08/27/2024,270.72,
08/26/2024,268.21,
08/23/2024,267.44,
08/22/2024,267.94,
08/21/2024,268.2,
08/20/2024,268.04,
08/19/2024,266.47,
08/16/2024,267.38,
08/15/2024,266.8,
08/14/2024,261.14,
08/13/2024,260.13,
08/12/2024,259.89,
08/09/2024,259.76,
08/08/2024,259.83,
08/07/2024,256.52,
08/06/2024,258.26,
08/05/2024,256.44,
08/02/2024,266.58,
08/01/2024,265.93,
07/31/2024,265.67,
07/30/2024,263.1,
07/29/2024,261.6,
07/26/2024,259.46,
07/25/2024,253.74,
07/24/2024,254.17,
07/23/2024,264.79,
07/22/2024,267.71,
07/19/2024,265.46,
07/18/2024,269.15,
07/17/2024,272.7,
07/16/2024,269.25,
07/15/2024,268.45,
07/12/2024,265.74,
07/11/2024,262.55,
07/10/2024,263,
07/09/2024,265.44,
07/08/2024,266.4,
07/05/2024,270.36,
07/03/2024,268.99,
07/02/2024,268.23,
07/01/2024,263.24,
06/28/2024,262.47,
06/27/2024,266.59,
06/26/2024,273.6,
06/25/2024,273.53,
06/24/2024,276.3,
06/21/2024,275.22,
06/20/2024,276.82,
06/18/2024,273.62,
06/17/2024,271.17,
06/14/2024,270.66,
06/13/2024,271.19,
06/12/2024,270.32,
06/11/2024,274.67,
06/10/2024,275.04,
06/07/2024,278.67,
06/06/2024,277.04,
06/05/2024,274.5,
06/04/2024,272.42,
06/03/2024,270.38,
05/31/2024,272.46,
05/30/2024,271.3,
05/29/2024,268.86,
05/28/2024,270.98,
05/24/2024,274.49,
05/23/2024,274.23,
05/22/2024,275.58,
05/21/2024,275.95,
05/20/2024,278.54,
05/17/2024,280.1,
05/16/2024,279.84,
05/15/2024,281.5,
05/14/2024,277.74,
05/13/2024,279.39,
05/10/2024,280.74,
05/09/2024,278.54,
05/08/2024,277.19,
05/07/2024,276.46,
05/06/2024,272.67,
05/03/2024,268.49,
05/02/2024,267.61,
05/01/2024,267.32,
04/30/2024,268.61,
04/29/2024,271.84,
04/26/2024,274.52,
04/25/2024,275.16,
04/24/2024,275.02,
04/23/2024,274.11,
04/22/2024,272.33,
04/19/2024,269.78,
04/18/2024,271.37,
04/17/2024,272.69,
04/16/2024,271.35,
04/15/2024,271.28,
04/12/2024,275.96,
04/11/2024,275.68,
04/10/2024,274.48,
04/09/2024,276.72,
04/08/2024,277.76,
04/05/2024,277.14,
04/04/2024,274,
04/03/2024,276.96,
04/02/2024,278.44,
04/01/2024,278.28,
03/28/2024,279.08,
03/27/2024,279.02,
03/26/2024,280.6,
03/25/2024,281.21,
03/22/2024,283.26,
03/21/2024,290.37,
03/20/2024,289.28,
03/19/2024,287.35,
03/18/2024,285.05,
03/15/2024,283.04,
03/14/2024,286.41,
03/13/2024,285.14,
03/12/2024,283.92,
03/11/2024,280.56,
03/08/2024,280.04,
03/07/2024,278.26,
03/06/2024,280.43,
03/05/2024,279.38,
03/04/2024,280.53,
03/01/2024,283.16,
02/29/2024,282.64,
02/28/2024,285.63,
02/27/2024,283.17,
02/26/2024,284.15,
02/23/2024,283.6,
02/22/2024,283.75,
02/21/2024,276.76,
02/20/2024,275.15,
02/16/2024,278.56,
02/15/2024,280.98,
02/14/2024,277.56,
02/13/2024,275.81,
02/12/2024,275.07,
02/09/2024,276.43,
02/08/2024,275.78,
02/07/2024,279.39,
02/06/2024,276.76,
02/05/2024,275.58,
02/02/2024,277.18,
02/01/2024,277.05,
01/31/2024,273.26,
01/30/2024,277.15,
01/29/2024,273.66,
01/26/2024,267.94,
01/25/2024,272.61,
01/24/2024,271.65,
01/23/2024,271.26,
01/22/2024,271.2,
01/19/2024,270.9,
01/18/2024,268.14,
01/17/2024,266.63,
01/16/2024,265.24,
01/12/2024,264.17,
01/11/2024,264.03,
01/10/2024,264.56,
01/09/2024,263.33,
01/08/2024,262.54,
01/05/2024,259.69,
01/04/2024,259.61,
01/03/2024,257.98,
01/02/2024,258.87,
12/29/2023,260.35,
12/28/2023,260.4,
12/27/2023,258.93,
12/26/2023,259.16,
12/22/2023,258.43,
12/21/2023,259.54,
12/20/2023,257.11,
12/19/2023,259.99,
12/18/2023,258.37,
12/15/2023,258.03,
12/14/2023,258.73,
12/13/2023,262.38,
12/12/2023,259.56,
12/11/2023,256.52,
12/08/2023,255.74,
12/07/2023,255.82,
12/06/2023,254.29,
12/05/2023,254.61,
12/04/2023,254.44,
12/01/2023,256.45,
11/30/2023,256.68,
11/29/2023,254.23,
11/28/2023,252.94,
11/27/2023,254.14,
11/24/2023,254.3,
11/22/2023,253.72,
11/21/2023,252.23,
11/20/2023,249.97,
11/17/2023,249.56,
11/16/2023,248.57,
11/15/2023,248.11,
11/14/2023,246.94,
11/13/2023,244.67,
11/10/2023,245.25,
11/09/2023,241.64,
11/08/2023,243.91,
11/07/2023,244.77,
11/06/2023,243.49,
11/03/2023,243.6,
11/02/2023,243.25,
11/01/2023,238.58,
10/31/2023,235.1,
10/30/2023,233.08,
10/27/2023,229.27,
10/26/2023,231.28,
10/25/2023,236.85,
10/24/2023,234.65,
10/23/2023,231.53,
10/20/2023,233.38,
10/19/2023,233.81,
10/18/2023,237.47,
10/17/2023,241.2,
10/16/2023,240.07,
10/13/2023,237.67,
10/12/2023,236.78,
10/11/2023,235.68,
10/10/2023,236.6,
10/09/2023,234.44,
10/06/2023,235.04,
10/05/2023,233.48,
10/04/2023,231.22,
10/03/2023,228.81,
10/02/2023,231.27,
09/29/2023,230.01,
09/28/2023,231.66,
09/27/2023,229.5,
09/26/2023,229.65,
09/25/2023,233.36,
09/22/2023,235.08,
09/21/2023,236.61,
09/20/2023,241.86,
09/19/2023,243.56,
09/18/2023,244.66,
09/15/2023,241.07,
09/14/2023,241.5,
09/13/2023,247.83,
09/12/2023,247.3,
09/11/2023,247.22,
09/08/2023,247.29,
09/07/2023,247.14,
09/06/2023,246.16,
09/05/2023,245.34,
09/01/2023,248.11,
08/31/2023,245.68,
08/30/2023,246.23,
08/29/2023,245.34,
08/28/2023,243.83,
08/25/2023,242.57,
08/24/2023,239.47,
08/23/2023,242.3,
08/22/2023,240.57,
08/21/2023,239.46,
08/18/2023,238.17,
08/17/2023,237.37,
08/16/2023,239.29,
08/15/2023,239.83,
08/14/2023,242.9,
08/11/2023,240.04,
08/10/2023,240.16,
08/09/2023,239.76,
08/08/2023,239.29,
08/07/2023,241.51,
08/04/2023,238.99,
08/03/2023,238.76,
08/02/2023,237.56,
08/01/2023,239.78,
07/31/2023,237.73,
07/28/2023,235.75,
07/27/2023,234.44,
07/26/2023,237.1,
07/25/2023,238.69,
07/24/2023,240.74,
07/21/2023,239.25,
07/20/2023,239.62,
07/19/2023,241.42,
07/18/2023,240.77,
07/17/2023,243.99,
07/14/2023,243.16,
07/13/2023,243.31,
07/12/2023,242.21,
07/11/2023,240.55,
07/10/2023,238.16,
07/07/2023,236.45,
07/06/2023,238.88,
07/05/2023,239.45,
07/03/2023,237.97,
06/30/2023,237.48,
06/29/2023,234.32,
06/28/2023,227.96,
06/27/2023,227.34,
06/26/2023,226.3,
06/23/2023,229.55,
06/22/2023,228.39,
06/21/2023,227.25,
06/20/2023,226.47,
06/16/2023,228.91,
06/15/2023,226.17,
06/14/2023,223.44,
06/13/2023,223.4,
06/12/2023,226.17,
06/09/2023,223.56,
06/08/2023,223.05,
06/07/2023,225.27,
06/06/2023,228.22,
06/05/2023,226.77,
06/02/2023,228.79,
06/01/2023,226.5,
05/31/2023,221.03,
05/30/2023,221.64,
05/26/2023,225.01,
05/25/2023,223.38,
05/24/2023,222.25,
05/23/2023,224.58,
05/22/2023,231.28,
05/19/2023,233.31,
05/18/2023,233.6,
05/17/2023,232.65,
05/16/2023,230.47,
05/15/2023,232.81,
05/12/2023,231.38,
05/11/2023,231.01,
05/10/2023,231.27,
05/09/2023,233.26,
05/08/2023,232.23,
05/05/2023,231.78,
05/04/2023,225.6,
05/03/2023,225.98,
05/02/2023,226.98,
05/01/2023,232.51,
04/28/2023,232.73,
04/27/2023,229.01,
04/26/2023,228.15,
04/25/2023,229.59,
04/24/2023,232.76,
04/21/2023,234.05,
04/20/2023,234.6,
04/19/2023,232.57,
04/18/2023,233.6,
04/17/2023,233.48,
04/14/2023,234.02,
04/13/2023,232.69,
04/12/2023,227.81,
04/11/2023,228.45,
04/10/2023,226.43,
04/06/2023,225.99,
04/05/2023,228.17,
04/04/2023,227.66,
04/03/2023,229,
03/31/2023,225.46,
03/30/2023,222.36,
03/29/2023,223.3,
03/28/2023,220.33,
03/27/2023,221.81,
03/24/2023,221.04,
03/23/2023,222.59,
03/22/2023,220.04,
03/21/2023,221.95,
03/20/2023,218.15,
03/17/2023,217.39,
03/16/2023,217.45,
03/15/2023,216.37,
03/14/2023,218.66,
03/13/2023,214.47,
03/10/2023,216.14,
03/09/2023,220.01,
03/08/2023,222.19,
03/07/2023,223.17,
03/06/2023,226.75,
03/03/2023,223.77,
03/02/2023,219.06,
03/01/2023,218.36,
02/28/2023,219.94,
02/27/2023,220.35,
02/24/2023,219.55,
02/23/2023,221.13,
02/22/2023,220.02,
02/21/2023,220.62,
02/17/2023,223.56,
02/16/2023,225.83,
02/15/2023,228.92,
02/14/2023,229.39,
02/13/2023,228.88,
02/10/2023,227.2,
02/09/2023,229.35,
02/08/2023,230.2,
02/07/2023,231.32,
02/06/2023,229.44,
02/03/2023,230.13,
02/02/2023,229.56,
02/01/2023,230.9,
01/31/2023,230.21,
01/30/2023,229.1,
01/27/2023,231.44,
01/26/2023,224.71,
01/25/2023,224.9,
01/24/2023,223.89,
01/23/2023,224.18,
01/20/2023,224.31,
01/19/2023,220.41,
01/18/2023,219.46,
01/17/2023,223,
01/13/2023,223.06,
01/12/2023,223.62,
01/11/2023,222.1,
01/10/2023,221.09,
01/09/2023,218.6,
01/06/2023,217.75,
01/05/2023,211.11,
01/04/2023,212.61,
01/03/2023,207.39,
12/30/2022,207.76,
12/29/2022,208.06,
12/28/2022,204.99,
12/27/2022,206.29,
12/23/2022,205.83,
12/22/2022,205.06,
12/21/2022,206.81,
12/20/2022,205.36,
12/19/2022,204.82,
12/16/2022,206.89,
12/15/2022,207.91,
12/14/2022,213.32,
12/13/2022,213.04,
12/12/2022,214.59,
12/09/2022,208.7,
12/08/2022,209.1,
12/07/2022,207.81,
12/06/2022,209.08,
12/05/2022,213.68,
12/02/2022,217.66,
12/01/2022,217,
11/30/2022,217,
11/29/2022,209.06,
11/28/2022,211.26,
11/25/2022,213.79,
11/23/2022,211.73,
11/22/2022,210.33,
11/21/2022,206.32,
11/18/2022,210.8,
11/17/2022,210.99,
11/16/2022,210.14,
11/15/2022,209.99,
11/14/2022,206.86,
11/11/2022,205,
11/10/2022,205.57,
11/09/2022,193.93,
11/08/2022,201.78,
11/07/2022,200.1,
11/04/2022,196.98,
11/03/2022,194.75,
11/02/2022,200.95,
11/01/2022,206.93,
10/31/2022,207.16,
10/28/2022,209.34,
10/27/2022,204.29,
10/26/2022,203.33,
10/25/2022,194.38,
10/24/2022,190.71,
10/21/2022,190.37,
10/20/2022,187.22,
10/19/2022,186.41,
10/18/2022,187.17,
10/17/2022,185.25,
10/14/2022,182.62,
10/13/2022,184.66,
10/12/2022,178.24,
10/11/2022,179.14,
10/10/2022,182.18,
10/07/2022,183.83,
10/06/2022,185.59,
10/05/2022,187.67,
10/04/2022,185.65,
10/03/2022,181.65,
09/30/2022,177.65,
09/29/2022,180.06,
09/28/2022,179.18,
09/27/2022,177.87,
09/26/2022,180.59,
09/23/2022,183.96,
09/22/2022,185.79,
09/21/2022,187.02,
09/20/2022,192.07,
09/19/2022,193.13,
09/16/2022,193.3,
09/15/2022,195.37,
09/14/2022,199.41,
09/13/2022,199.67,
09/12/2022,206.63,
09/09/2022,205.2,
09/08/2022,200.71,
09/07/2022,200.42,
09/06/2022,198.64,
09/02/2022,197.76,
09/01/2022,200.13,
08/31/2022,198.71,
08/30/2022,201.38,
08/29/2022,202.33,
08/26/2022,202.89,
08/25/2022,209.82,
08/24/2022,206.67,
08/23/2022,206.8,
08/22/2022,208.61,
08/19/2022,212.82,
08/18/2022,215.25,
08/17/2022,214.52,
08/16/2022,217.14,
08/15/2022,216.42,
08/12/2022,211.33,
08/11/2022,211.08,
08/10/2022,212.1,
08/09/2022,210.26,
08/08/2022,213.32,
08/05/2022,215.87,
08/04/2022,213.47,
08/03/2022,208.48,
08/02/2022,206.26,
08/01/2022,211.36,
07/29/2022,212.11,
07/28/2022,211.35,
07/27/2022,210.47,
07/26/2022,212.49,
07/25/2022,214.27,
07/22/2022,213.7,
07/21/2022,216.19,
07/20/2022,213.37,
07/19/2022,213.66,
07/18/2022,207.21,
07/15/2022,210.04,
07/14/2022,205.91,
07/13/2022,204.15,
07/12/2022,204.82,
07/11/2022,205.06,
07/08/2022,203.57,
07/07/2022,202.8,
07/06/2022,201.12,
07/05/2022,200.54,
07/01/2022,199.18,
06/30/2022,196.89,
06/29/2022,199.5,
06/28/2022,198.12,
06/27/2022,203.56,
06/24/2022,205.51,
06/23/2022,196.64,
06/22/2022,193.82,
06/21/2022,194.39,
06/17/2022,190.01,
06/16/2022,189.05,
06/15/2022,196.16,
06/14/2022,193.52,
06/13/2022,192.26,
06/10/2022,199.51,
06/09/2022,206.11,
06/08/2022,213.5,
06/07/2022,214.5,
06/06/2022,212.94,
06/03/2022,212.65,
06/02/2022,215.05,
06/01/2022,209.93,
05/31/2022,212.17,
05/27/2022,212.88,
05/26/2022,208.55,
05/25/2022,203.84,
05/24/2022,202.63,
05/23/2022,207.56,
05/20/2022,199.03,
05/19/2022,197.37,
05/18/2022,199.99,
05/17/2022,204,
05/16/2022,197.81,
05/13/2022,199.23,
05/12/2022,193.97,
05/11/2022,196.72,
05/10/2022,193.58,
05/09/2022,193,
05/06/2022,202.82,
05/05/2022,205.24,
05/04/2022,214.52,
05/03/2022,208.56,
05/02/2022,211.53,
04/29/2022,213.13,
04/28/2022,220.66,
04/27/2022,214.11,
04/26/2022,201.1,
04/25/2022,209.95,
04/22/2022,208.17,
04/21/2022,216.45,
04/20/2022,217.79,
04/19/2022,215.7,
04/18/2022,213.17,
04/14/2022,212.79,
04/13/2022,213.27,
04/12/2022,211.4,
04/11/2022,214.75,
04/08/2022,216.98,
04/07/2022,216.15,
04/06/2022,219.01,
04/05/2022,226.09,
04/04/2022,227.74,
04/01/2022,226.36,
03/31/2022,221.77,
03/30/2022,223.95,
03/29/2022,228.12,
03/28/2022,220.77,
03/25/2022,218.43,
03/24/2022,217.31,
03/23/2022,214.68,
03/22/2022,218.47,
03/21/2022,217.04,
03/18/2022,219.11,
03/17/2022,213.45,
03/16/2022,211.87,
03/15/2022,206.14,
03/14/2022,200.33,
03/11/2022,196.71,
03/10/2022,197.97,
03/09/2022,199.76,
03/08/2022,191.71,
03/07/2022,190.7,
03/04/2022,200.29,
03/03/2022,207.23,
03/02/2022,208.48,
03/01/2022,208.97,
02/28/2022,216.12,
02/25/2022,219.27,
02/24/2022,217.3,
02/23/2022,215.95,
02/22/2022,221.32,
02/18/2022,222.69,
02/17/2022,224.61,
02/16/2022,228.82,
02/15/2022,227.82,
02/14/2022,225.34,
02/11/2022,224.69,
02/10/2022,225.59,
02/09/2022,230.87,
02/08/2022,227.94,
02/07/2022,227.16,
02/04/2022,228.39,
02/03/2022,231.54,
02/02/2022,235.42,
02/01/2022,232.36,
01/31/2022,226.17,
01/28/2022,228,
01/27/2022,206.15,
01/26/2022,205.87,
01/25/2022,202,
01/24/2022,201.85,
01/21/2022,205.93,
01/20/2022,214.35,
01/19/2022,214.68,
01/18/2022,215.71,
01/14/2022,214.67,
01/13/2022,215,
01/12/2022,215.71,
01/11/2022,214.38,
01/10/2022,211.97,
01/07/2022,216.96,
01/06/2022,219.75,
01/05/2022,220,
01/04/2022,222.46,
01/03/2022,221.43,
12/31/2021,216.71,
12/30/2021,217.87,
12/29/2021,218.17,
12/28/2021,218.05,
12/27/2021,217.63,
12/23/2021,216.62,
12/22/2021,217.96,
12/21/2021,215.38,
12/20/2021,208.74,
12/17/2021,211.88,
12/16/2021,214.37,
12/15/2021,212.31,
12/14/2021,209.98,
12/13/2021,211.02,
12/10/2021,213.4,
12/09/2021,211.39,
12/08/2021,208.99,
12/07/2021,207.37,
12/06/2021,202.68,
12/03/2021,196.32,
12/02/2021,198.29,
12/01/2021,190.16,
11/30/2021,193.77,
11/29/2021,196.29,
11/26/2021,197.65,
11/24/2021,203.25,
11/23/2021,198.49,
11/22/2021,195.58,
11/19/2021,200.86,
11/18/2021,203.33,
11/17/2021,205.06,
11/16/2021,215.18,
11/15/2021,212.3,
11/12/2021,212.09,
11/11/2021,210.42,
11/10/2021,215.56,
11/09/2021,213.39,
11/08/2021,220.49,
11/05/2021,216.67,
11/04/2021,208.78,
11/03/2021,208.1,
11/02/2021,209.14,
11/01/2021,212.46,
10/29/2021,211.77,
10/28/2021,209.84,
10/27/2021,215.78,
10/26/2021,231.82,
10/25/2021,233.88,
10/22/2021,231.23,
10/21/2021,230.24,
10/20/2021,231.42,
10/19/2021,233.52,
10/18/2021,230.65,
10/15/2021,230.99,
10/14/2021,225.18,
10/13/2021,222.46,
10/12/2021,224.05,
10/11/2021,225.11,
10/08/2021,230.27,
10/07/2021,230.55,
10/06/2021,226.51,
10/05/2021,224.28,
10/04/2021,224.73,
10/01/2021,230.46,
09/30/2021,222.75,
09/29/2021,226.68,
09/28/2021,225.56,
09/27/2021,229.6,
09/24/2021,231.59,
09/23/2021,228.31,
09/22/2021,222.75,
09/21/2021,220.17,
09/20/2021,220.05,
09/17/2021,221.75,
09/16/2021,224.33,
09/15/2021,223.81,
09/14/2021,223.03,
09/13/2021,224.63,
09/10/2021,224.91,
09/09/2021,227.49,
09/08/2021,229.09,
09/07/2021,226.27,
09/03/2021,225.11,
09/02/2021,224.18,
09/01/2021,230.12,
08/31/2021,229.1,
08/30/2021,231.23,
08/27/2021,232.69,
08/26/2021,230.52,
08/25/2021,232.59,
08/24/2021,234.24,
08/23/2021,234.14,
08/20/2021,231.36,
08/19/2021,231.57,
08/18/2021,231.63,
08/17/2021,234.53,
08/16/2021,235.36,
08/13/2021,232.65,
08/12/2021,231.79,
08/11/2021,235.06,
08/10/2021,238.07,
08/09/2021,240,
08/06/2021,241.4,
08/05/2021,240.21,
08/04/2021,236.67,
08/03/2021,237.09,
08/02/2021,239.78,
07/30/2021,246.39,
07/29/2021,247.92,
07/28/2021,246.94,
07/27/2021,250.93,
07/26/2021,250.25,
07/23/2021,249.02,
07/22/2021,244.14,
07/21/2021,243.66,
07/20/2021,242.7,
07/19/2021,240.41,
07/16/2021,248.12,
07/15/2021,248.55,
07/14/2021,245.99,
07/13/2021,242.35,
07/12/2021,237.87,
07/09/2021,238.47,
07/08/2021,236.61,
07/07/2021,240,
07/06/2021,239.6,
07/02/2021,238.63,
07/01/2021,235.15,
06/30/2021,233.82,
06/29/2021,235.95,
06/28/2021,234.09,
06/25/2021,237.32,
06/24/2021,236.24,
06/23/2021,234.68,
06/22/2021,235.93,
06/21/2021,234.32,
06/18/2021,230.41,
06/17/2021,232.15,
06/16/2021,229.6,
06/15/2021,232.98,
06/14/2021,234.08,
06/11/2021,234.96,
06/10/2021,233.95,
06/09/2021,232.31,
06/08/2021,232.05,
06/07/2021,231.32,
06/04/2021,230.14,
06/03/2021,228.11,
06/02/2021,229.66,
06/01/2021,226.63,
05/28/2021,227.3,
05/27/2021,226.86,
05/26/2021,227.07,
05/25/2021,229.02,
05/24/2021,229.32,
05/21/2021,226.77,
05/20/2021,226.44,
05/19/2021,224.59,
05/18/2021,225.57,
05/17/2021,226.44,
05/14/2021,226.94,
05/13/2021,223.74,
05/12/2021,220.63,
05/11/2021,225.48,
05/10/2021,225.97,
05/07/2021,232.12,
05/06/2021,231.32,
05/05/2021,229.21,
05/04/2021,232.03,
05/03/2021,232.61,
04/30/2021,233.56,
04/29/2021,236.86,
04/28/2021,233.45,
04/27/2021,229.91,
04/26/2021,230.34,
04/23/2021,230,
04/22/2021,227.57,
04/21/2021,227.45,
04/20/2021,223.28,
04/19/2021,225.79,
04/16/2021,226.41,
04/15/2021,226.28,
04/14/2021,221.98,
04/13/2021,221.02,
04/12/2021,221.47,
04/09/2021,222.52,
04/08/2021,220.7,
04/07/2021,219.27,
04/06/2021,218.65,
04/05/2021,219.04,
04/01/2021,216.86,
03/31/2021,211.73,
03/30/2021,211.9,
03/29/2021,214.51,
03/26/2021,213.53,
03/25/2021,207.97,
03/24/2021,208.07,
03/23/2021,208.15,
03/22/2021,208,
03/19/2021,206.9,
03/18/2021,220.66,
03/17/2021,223.02,
03/16/2021,224.7,
03/15/2021,223.27,
03/12/2021,224.36,
03/11/2021,226.15,
03/10/2021,223.17,
03/09/2021,220.36,
03/08/2021,220.27,
03/05/2021,215.41,
03/04/2021,211.5,
03/03/2021,214.85,
03/02/2021,215.77,
03/01/2021,216.63,
02/26/2021,212.39,
02/25/2021,213.75,
02/24/2021,219.43,
02/23/2021,212.11,
02/22/2021,208.32,
02/19/2021,204.73,
02/18/2021,209.35,
02/17/2021,207.51,
02/16/2021,207.9,
02/12/2021,209.96,
02/11/2021,210.66,
02/10/2021,206.44,
02/09/2021,206.52,
02/08/2021,206.89,
02/05/2021,208.77,
02/04/2021,209.25,
02/03/2021,201.36,
02/02/2021,202.61,
02/01/2021,198.36,
01/29/2021,193.25,
01/28/2021,198.22,
01/27/2021,194.97,
01/26/2021,202.01,
01/25/2021,200.98,
01/22/2021,202.02,
01/21/2021,205.14,
01/20/2021,206.01,
01/19/2021,201.66,
01/15/2021,201.59,
01/14/2021,201.86,
01/13/2021,209.35,
01/12/2021,208.86,
01/11/2021,212.89,
01/08/2021,215.45,
01/07/2021,213.81,
01/06/2021,212.62,
01/05/2021,214.51,
01/04/2021,217.76,
12/31/2020,218.73,
12/30/2020,218.36,
12/29/2020,214.37,
12/28/2020,212.63,
12/24/2020,208.7,
12/23/2020,205.3,
12/22/2020,205.84,
12/21/2020,209.01,
12/18/2020,211.31,
12/17/2020,211.18,
12/16/2020,208.27,
12/15/2020,208.36,
12/14/2020,207.25,
12/11/2020,206.24,
12/10/2020,207.61,
12/09/2020,209.58,
12/08/2020,212.77,
12/07/2020,212.65,
12/04/2020,212.68,
12/03/2020,208.05,
12/02/2020,210.18,
12/01/2020,211.2,
11/30/2020,210.35,
11/27/2020,211,
11/25/2020,210.89,
11/24/2020,209.68,
11/23/2020,208.16,
11/20/2020,203.88,
11/19/2020,207.57,
11/18/2020,207.83,
11/17/2020,210.71,
11/16/2020,212.7,
11/13/2020,210.48,
11/12/2020,208.26,
11/11/2020,212.7,
11/10/2020,213.31,
11/09/2020,212.68,
11/06/2020,198.47,
11/05/2020,197.64,
11/04/2020,193.97,
11/03/2020,188.34,
11/02/2020,184.74,
10/30/2020,181.71,
10/29/2020,184.87,
10/28/2020,180.87,
10/27/2020,190.06,
10/26/2020,193.07,
10/23/2020,198.01,
10/22/2020,197.99,
10/21/2020,198.43,
10/20/2020,197.7,
10/19/2020,196.97,
10/16/2020,200.26,
10/15/2020,199.55,
10/14/2020,202.2,
10/13/2020,204.32,
10/12/2020,206.4,
10/09/2020,206.64,
10/08/2020,202.98,
10/07/2020,202.47,
10/06/2020,200.45,
10/05/2020,203.54,
10/02/2020,201.46,
10/01/2020,203.35,
09/30/2020,199.97,
09/29/2020,199.44,
09/28/2020,200.32,
09/25/2020,197.25,
09/24/2020,195.52,
09/23/2020,195.37,
09/22/2020,200.56,
09/21/2020,197.45,
09/18/2020,202.61,
09/17/2020,205.27,
09/16/2020,205.13,
09/15/2020,205.39,
09/14/2020,204.98,
09/11/2020,200.68,
09/10/2020,201.54,
09/09/2020,204.06,
09/08/2020,200.12,
09/04/2020,204.66,
09/03/2020,208.96,
09/02/2020,216.48,
09/01/2020,213.35,
08/31/2020,211.99,
08/28/2020,215.71,
08/27/2020,211.03,
08/26/2020,210.26,
08/25/2020,208.1,
08/24/2020,206.41,
08/21/2020,204.13,
08/20/2020,204.15,
08/19/2020,200.99,
08/18/2020,199.01,
08/17/2020,199.43,
08/14/2020,196.64,
08/13/2020,197.58,
08/12/2020,198.74,
08/11/2020,197.77,
08/10/2020,196.79,
08/07/2020,196.36,
08/06/2020,198.77,
08/05/2020,196.1,
08/04/2020,192.29,
08/03/2020,190.69,
07/31/2020,190.4,
07/30/2020,194.06,
07/29/2020,198.58,
07/28/2020,196.74,
07/27/2020,196.91,
07/24/2020,195.15,
07/23/2020,197.43,
07/22/2020,198.86,
07/21/2020,196.48,
07/20/2020,198.47,
07/17/2020,195.09,
07/16/2020,193.5,
07/15/2020,196.55,
07/14/2020,193.33,
07/13/2020,189.02,
07/10/2020,192.55,
07/09/2020,192.21,
07/08/2020,195.07,
07/07/2020,194.2,
07/06/2020,197.76,
07/02/2020,195.67,
07/01/2020,193.78,
06/30/2020,193.17,
06/29/2020,191.38,
06/26/2020,189.27,
06/25/2020,193.98,
06/24/2020,191.41,
06/23/2020,197.97,
06/22/2020,194.96,
06/19/2020,192.2,
06/18/2020,193.91,
06/17/2020,193.56,
06/16/2020,192.88,
06/15/2020,191.76,
06/12/2020,192.26,
06/11/2020,188.88,
06/10/2020,200.48,
06/09/2020,199.08,
06/08/2020,199.6,
06/05/2020,199.61,
06/04/2020,193.64,
06/03/2020,196.87,
06/02/2020,196.36,
06/01/2020,194.35,
05/29/2020,195.24,
05/28/2020,194.26,
05/27/2020,192.82,
05/26/2020,193.22,
05/22/2020,190.86,
05/21/2020,190.62,
05/20/2020,193.86,
05/19/2020,189.36,
05/18/2020,191.38,
05/15/2020,183.49,
05/14/2020,180.9,
05/13/2020,177.09,
05/12/2020,179.47,
05/11/2020,183.56,
05/08/2020,185.09,
05/07/2020,182.72,
05/06/2020,178.78,
05/05/2020,178.44,
05/04/2020,176.15,
05/01/2020,175.57,
04/30/2020,178.72,
04/29/2020,181.79,
04/28/2020,171.25,
04/27/2020,171.76,
04/24/2020,167.32,
04/23/2020,166.38,
04/22/2020,166.59,
04/21/2020,160.53,
04/20/2020,164.22,
04/17/2020,169.54,
04/16/2020,162.42,
04/15/2020,165.96,
04/14/2020,174.62,
04/13/2020,168.99,
04/09/2020,173.69,
04/08/2020,174.94,
04/07/2020,168.59,
04/06/2020,169.44,
04/03/2020,151.85,
04/02/2020,157.39,
04/01/2020,153.11,
03/31/2020,161.12,
03/30/2020,165.57,
03/27/2020,161.56,
03/26/2020,168.88,
03/25/2020,161.78,
03/24/2020,154.53,
03/23/2020,135.74,
03/20/2020,146.83,
03/19/2020,152.25,
03/18/2020,148.48,
03/17/2020,157.89,
03/16/2020,152.01,
03/13/2020,175.83,
03/12/2020,160.08,
03/11/2020,172.95,
03/10/2020,182.6,
03/09/2020,171.13,
03/06/2020,184.36,
03/05/2020,186.96,
03/04/2020,194.29,
03/03/2020,185.73,
03/02/2020,192.33,
02/28/2020,181.76,
02/27/2020,180.01,
02/26/2020,187.21,
02/25/2020,188.4,
02/24/2020,198.79,
02/21/2020,208.81,
02/20/2020,211.45,
02/19/2020,213.31,
02/18/2020,211.2,
02/14/2020,210.29,
02/13/2020,207.4,
02/12/2020,207.44,
02/11/2020,203.94,
02/10/2020,205.99,
02/07/2020,202.74,
02/06/2020,203.04,
02/05/2020,202.81,
02/04/2020,203.56,
02/03/2020,200.81,
01/31/2020,198.97,
01/30/2020,208.21,
01/29/2020,204.86,
01/28/2020,202.85,
01/27/2020,201.69,
01/24/2020,205,
01/23/2020,206.52,
01/22/2020,207.9,
01/21/2020,207.29,
01/17/2020,204.7,
01/16/2020,200.95,
01/15/2020,199.8,
01/14/2020,196.05,
01/13/2020,195.33,
01/10/2020,193.77,
01/09/2020,193.25,
01/08/2020,191.92,
01/07/2020,188.69,
01/06/2020,189.19,
01/03/2020,189.6,
01/02/2020,191.12,
12/31/2019,187.9,
12/30/2019,187.83,
12/27/2019,189.39,
12/26/2019,189.16,
12/24/2019,187.57,
12/23/2019,187.08,
12/20/2019,188,
12/19/2019,186.54,
12/18/2019,184.9,
12/17/2019,185.52,
12/16/2019,186.24,
12/13/2019,185.14,
12/12/2019,182.64,
12/11/2019,182.01,
12/10/2019,182.26,
12/09/2019,182.92,
12/06/2019,182.17,
12/05/2019,181.89,
12/04/2019,180.6,
12/03/2019,181.9,
12/02/2019,181.79,
11/29/2019,184.51,
11/27/2019,184.37,
11/26/2019,182.55,
11/25/2019,180.97,
11/22/2019,179.47,
11/21/2019,179.89,
11/20/2019,181.66,
11/19/2019,182.77,
11/18/2019,179.66,
11/15/2019,179.77,
11/14/2019,179.75,
11/13/2019,179.41,
11/12/2019,179.74,
11/11/2019,179.54,
11/08/2019,178.97,
11/07/2019,178.43,
11/06/2019,176.77,
11/05/2019,176.37,
11/04/2019,178.95,
11/01/2019,180.93,
10/31/2019,178.86,
10/30/2019,179.25,
10/29/2019,177.63,
10/28/2019,179.84,
10/25/2019,177.85,
10/24/2019,176.16,
10/23/2019,171.32,
10/22/2019,170.86,
10/21/2019,176.43,
10/18/2019,175.71,
10/17/2019,177.94,
10/16/2019,177.87,
10/15/2019,178.75,
10/14/2019,177.36,
10/11/2019,177.06,
10/10/2019,174.88,
10/09/2019,174.88,
10/08/2019,172.42,
10/07/2019,174.9,
10/04/2019,175.98,
10/03/2019,172.87,
10/02/2019,169.83,
10/01/2019,174.29,
09/30/2019,172.01,
09/27/2019,174,
09/26/2019,175.65,
09/25/2019,175.28,
09/24/2019,174.48,
09/23/2019,174.91,
09/20/2019,174.06,
09/19/2019,175.96,
09/18/2019,175.29,
09/17/2019,176.45,
09/16/2019,176.11,
09/13/2019,177.27,
09/12/2019,177.98,
09/11/2019,174.98,
09/10/2019,176.35,
09/09/2019,181.55,
09/06/2019,185.74,
09/05/2019,184.73,
09/04/2019,181.77,
09/03/2019,179.2,
08/30/2019,180.82,
08/29/2019,181.17,
08/28/2019,178.67,
08/27/2019,178.38,
08/26/2019,177.59,
08/23/2019,175.23,
08/22/2019,180.09,
08/21/2019,180.94,
08/20/2019,179.24,
08/19/2019,179.74,
08/16/2019,178.23,
08/15/2019,176.27,
08/14/2019,173.51,
08/13/2019,178.61,
08/12/2019,176.34,
08/09/2019,179.05,
08/08/2019,179.9,
08/07/2019,175.32,
08/06/2019,172.48,
08/05/2019,168.86,
08/02/2019,177.42,
08/01/2019,179.17,
07/31/2019,178,
07/30/2019,181.53,
07/29/2019,183.21,
07/26/2019,183.69,
07/25/2019,181.59,
07/24/2019,183.33,
07/23/2019,180.9,
07/22/2019,180.57,
07/19/2019,179.24,
07/18/2019,180.53,
07/17/2019,179.15,
07/16/2019,179.31,
07/15/2019,180.57,
07/12/2019,180.33,
07/11/2019,180.74,
07/10/2019,179.31,
07/09/2019,177.73,
07/08/2019,176.19,
07/05/2019,176.66,
07/03/2019,176.87,
07/02/2019,175.28,
07/01/2019,173.94,
06/28/2019,173.55,
06/27/2019,171.23,
06/26/2019,171.06,
06/25/2019,171.28,
06/24/2019,173.85,
06/21/2019,173.44,
06/20/2019,173.74,
06/19/2019,170.69,
06/18/2019,169.28,
06/17/2019,169.56,
06/14/2019,169.66,
06/13/2019,169.35,
06/12/2019,171.59,
06/11/2019,170.31,
06/10/2019,170.82,
06/07/2019,170.05,
06/06/2019,166.92,
06/05/2019,165.39,
06/04/2019,162.33,
06/03/2019,158.6,
05/31/2019,161.33,
05/30/2019,162.76,
05/29/2019,162.73,
05/28/2019,163.71,
05/24/2019,162.64,
05/23/2019,161.51,
05/22/2019,164.24,
05/21/2019,163.86,
05/20/2019,163.47,
05/17/2019,164.09,
05/16/2019,164.87,
05/15/2019,162.79,
05/14/2019,160.21,
05/13/2019,157.33,
05/10/2019,160.71,
05/09/2019,159.81,
05/08/2019,160.76,
05/07/2019,160.21,
05/06/2019,162.28,
05/03/2019,162.04,
05/02/2019,161.12,
05/01/2019,162.79,
04/30/2019,164.43,
04/29/2019,164.15,
04/26/2019,162.93,
04/25/2019,161.02,
04/24/2019,161.49,
04/23/2019,161.66,
04/22/2019,160.4,
04/18/2019,160.16,
04/17/2019,160.44,
04/16/2019,160.23,
04/15/2019,160.44,
04/12/2019,159.64,
04/11/2019,157.86,
04/10/2019,158.56,
04/09/2019,157.49,
04/08/2019,157.75,
04/05/2019,157.65,
04/04/2019,157.64,
04/03/2019,158.46,
04/02/2019,157.78,
04/01/2019,157.26,
03/29/2019,156.19,
03/28/2019,154.67,
03/27/2019,154.22,
03/26/2019,155.3,
03/25/2019,153.03,
03/22/2019,153.07,
03/21/2019,155.8,
03/20/2019,153.75,
03/19/2019,154.59,
03/18/2019,154.96,
03/15/2019,155.46,
03/14/2019,154.2,
03/13/2019,152.47,
03/12/2019,151.73,
03/11/2019,150.67,
03/08/2019,147.35,
03/07/2019,146.83,
03/06/2019,147.81,
03/05/2019,147.95,
03/04/2019,147.96,
03/01/2019,149.47,
02/28/2019,148.12,
02/27/2019,147.22,
02/26/2019,147.04,
02/25/2019,146.06,
02/22/2019,145.87,
02/21/2019,144,
02/20/2019,144.73,
02/19/2019,144.44,
02/15/2019,144.91,
02/14/2019,143.16,
02/13/2019,143.49,
02/12/2019,141.99,
02/11/2019,140.8,
02/08/2019,140.38,
02/07/2019,140.17,
02/06/2019,141.49,
02/05/2019,142.53,
02/04/2019,141.5,
02/01/2019,140.15,
01/31/2019,135.01,
01/30/2019,137.6,
01/29/2019,135,
01/28/2019,135.99,
01/25/2019,138.67,
01/24/2019,137.7,
01/23/2019,137.01,
01/22/2019,138.05,
01/18/2019,138.5,
01/17/2019,137.28,
01/16/2019,137.34,
01/15/2019,137.34,
01/14/2019,137.1,
01/11/2019,138.06,
01/10/2019,138.67,
01/09/2019,138.41,
01/08/2019,136.8,
01/07/2019,136.06,
01/04/2019,133.65,
01/03/2019,128.13,
01/02/2019,132.92,
12/31/2018,131.94,
12/28/2018,130.94,
12/27/2018,132.01,
12/26/2018,130.23,
12/24/2018,121.73,
12/21/2018,124.26,
12/20/2018,128.76,
12/19/2018,131.26,
12/18/2018,132.66,
12/17/2018,131.4,
12/14/2018,135.09,
12/13/2018,137.54,
12/12/2018,137.8,
12/11/2018,136.81,
12/10/2018,137.88,
12/07/2018,137.11,
12/06/2018,141.05,
12/04/2018,138.64,
12/03/2018,145,
11/30/2018,141.71,
11/29/2018,139.1,
11/28/2018,141.38,
11/27/2018,135.91,
11/26/2018,135.94,
11/23/2018,132.87,
11/21/2018,134.42,
11/20/2018,133.37,
11/19/2018,134.76,
11/16/2018,140.18,
11/15/2018,141.84,
11/14/2018,139.49,
11/13/2018,139.72,
11/12/2018,139.72,
11/09/2018,143.93,
11/08/2018,145.23,
11/07/2018,144.78,
11/06/2018,140.79,
11/05/2018,139.8,
11/02/2018,139.78,
11/01/2018,140.83,
10/31/2018,137.85,
10/30/2018,132.76,
10/29/2018,134.33,
10/26/2018,137.74,
10/25/2018,140.52,
10/24/2018,134.26,
10/23/2018,139.12,
10/22/2018,140.64,
10/19/2018,140.08,
10/18/2018,139.29,
10/17/2018,142.45,
10/16/2018,141.74,
10/15/2018,137.23,
10/12/2018,140.06,
10/11/2018,133.73,
10/10/2018,135.52,
10/09/2018,142.31,
10/08/2018,141.89,
10/05/2018,145.36,
10/04/2018,146.76,
10/03/2018,149.37,
10/02/2018,149.67,
10/01/2018,150.79,
09/28/2018,150.09,
09/27/2018,150.02,
09/26/2018,149.27,
09/25/2018,149.58,
09/24/2018,149.11,
09/21/2018,150.05,
09/20/2018,149.24,
09/19/2018,147.42,
09/18/2018,147.63,
09/17/2018,146.18,
09/14/2018,147.84,
09/13/2018,147.63,
09/12/2018,146.57,
09/11/2018,145.49,
09/10/2018,144.08,
09/07/2018,143.2,
09/06/2018,144.5,
09/05/2018,142.67,
09/04/2018,147.8,
08/31/2018,146.89,
08/30/2018,146.74,
08/29/2018,147.03,
08/28/2018,145.2,
08/27/2018,145.4,
08/24/2018,144.2,
08/23/2018,142.1,
08/22/2018,141.14,
08/21/2018,140.04,
08/20/2018,140.94,
08/17/2018,141.33,
08/16/2018,140.65,
08/15/2018,139.92,
08/14/2018,140.76,
08/13/2018,140.21,
08/10/2018,139.73,
08/09/2018,140.01,
08/08/2018,140.68,
08/07/2018,140.28,
08/06/2018,139.71,
08/03/2018,139.82,
08/02/2018,138.92,
08/01/2018,138.25,
07/31/2018,136.74,
07/30/2018,136.48,
07/27/2018,140.71,
07/26/2018,142.5,
07/25/2018,142.64,
07/24/2018,140.03,
07/23/2018,140.03,
07/20/2018,140.99,
07/19/2018,140.13,
07/18/2018,140.9,
07/17/2018,139.64,
07/16/2018,138.46,
07/13/2018,139.42,
07/12/2018,139.9,
07/11/2018,138.15,
07/10/2018,136.69,
07/09/2018,135.52,
07/06/2018,134.09,
07/05/2018,133.29,
07/03/2018,131.45,
07/02/2018,132.5,
06/29/2018,132.45,
06/28/2018,132.74,
06/27/2018,131.02,
06/26/2018,132.55,
06/25/2018,130.93,
06/22/2018,135.33,
06/21/2018,134.53,
06/20/2018,135.5,
06/19/2018,135.11,
06/18/2018,136.2,
06/15/2018,135.1,
06/14/2018,135,
06/13/2018,134.4,
06/12/2018,134.86,
06/11/2018,133.91,
06/08/2018,134.74,
06/07/2018,133.84,
06/06/2018,136.28,
06/05/2018,133.56,
06/04/2018,133.07,
06/01/2018,130.85,
05/31/2018,130.72,
05/30/2018,130.64,
05/29/2018,129.69,
05/25/2018,131.28,
05/24/2018,131.89,
05/23/2018,131.88,
05/22/2018,130.71,
05/21/2018,130.66,
05/18/2018,129.93,
05/17/2018,129.93,
05/16/2018,130.89,
05/15/2018,131.1,
05/14/2018,131.21,
05/11/2018,131.82,
05/10/2018,131,
05/09/2018,130.84,
05/08/2018,129.9,
05/07/2018,129.26,
05/04/2018,128.16,
05/03/2018,127.18,
05/02/2018,126.38,
05/01/2018,127.51,
04/30/2018,126.88,
04/27/2018,126.01,
04/26/2018,127.08,
04/25/2018,121.21,
04/24/2018,121.27,
04/23/2018,124.46,
04/20/2018,124.2,
04/19/2018,123.96,
04/18/2018,124.48,
04/17/2018,123.8,
04/16/2018,121.88,
04/13/2018,120.75,
04/12/2018,121.07,
04/11/2018,119.78,
04/10/2018,120.72,
04/09/2018,118.79,
04/06/2018,117.7,
04/05/2018,121.19,
04/04/2018,119.81,
04/03/2018,119.2,
04/02/2018,118.39,
03/29/2018,119.62,
03/28/2018,116.99,
03/27/2018,117.4,
03/26/2018,120.64,
03/23/2018,117,
03/22/2018,119.99,
03/21/2018,123.22,
03/20/2018,124.91,
03/19/2018,123.21,
03/16/2018,124.53,
03/15/2018,123.41,
03/14/2018,122.58,
03/13/2018,123.2,
03/12/2018,124.24,
03/09/2018,124.51,
03/08/2018,122.22,
03/07/2018,121.85,
03/06/2018,121.06,
03/05/2018,121.88,
03/02/2018,120.77,
03/01/2018,120.4,
02/28/2018,122.94,
02/27/2018,123.37,
02/26/2018,124.59,
02/23/2018,122.93,
02/22/2018,120.38,
02/21/2018,120.43,
02/20/2018,122.01,
02/16/2018,121.85,
02/15/2018,122.28,
02/14/2018,120.83,
02/13/2018,118.35,
02/12/2018,118.47,
02/09/2018,116.32,
02/08/2018,113.86,
02/07/2018,119.65,
02/06/2018,119.97,
02/05/2018,116.27,
02/02/2018,120.91,
02/01/2018,125.72,
01/31/2018,124.23,
01/30/2018,123.55,
01/29/2018,124.84,
01/26/2018,126.32,
01/25/2018,125.22,
01/24/2018,124.55,
01/23/2018,124.65,
01/22/2018,124.33,
01/19/2018,122.7,
01/18/2018,123.11,
01/17/2018,121.98,
01/16/2018,120.39,
01/12/2018,120.09,
01/11/2018,119.84,
01/10/2018,118.98,
01/09/2018,119.11,
01/08/2018,119.34,
01/05/2018,118.86,
01/04/2018,116.08,
01/03/2018,115.65,
01/02/2018,114.51,
12/29/2017,114.02,
12/28/2017,114.35,
12/27/2017,114.02,
12/26/2017,112.99,
12/22/2017,112.69,
12/21/2017,112.41,
12/20/2017,112.12,
12/19/2017,112.14,
12/18/2017,113.55,
12/15/2017,113.82,
12/14/2017,112.92,
12/13/2017,113.31,
12/12/2017,113.46,
12/11/2017,112.37,
12/08/2017,112.6,
12/07/2017,111.4,
12/06/2017,109.74,
12/05/2017,108.58,
12/04/2017,107.43,
12/01/2017,110.73,
11/30/2017,112.59,
11/29/2017,109.86,
11/28/2017,113.36,
11/27/2017,112.38,
11/24/2017,111.97,
11/22/2017,110.82,
11/21/2017,111.45,
11/20/2017,109.95,
11/17/2017,109.82,
11/16/2017,111.02,
11/15/2017,110.25,
11/14/2017,111.98,
11/13/2017,111.4,
11/10/2017,111.88,
11/09/2017,112.14,
11/08/2017,112.47,
11/07/2017,112.09,
11/06/2017,111.92,
11/03/2017,111.36,
11/02/2017,110.98,
11/01/2017,111.07,
10/31/2017,109.98,
10/30/2017,110.04,
10/27/2017,109.71,
10/26/2017,109.8,
10/25/2017,109.49,
10/24/2017,108.41,
10/23/2017,107.53,
10/20/2017,107.55,
10/19/2017,107.02,
10/18/2017,107.8,
10/17/2017,107.54,
10/16/2017,108.3,
10/13/2017,108.66,
10/12/2017,108.11,
10/11/2017,108.44,
10/10/2017,107.31,
10/09/2017,107.01,
10/06/2017,106.73,
10/05/2017,106.24,
10/04/2017,105.31,
10/03/2017,105.59,
10/02/2017,105.44,
09/29/2017,105.24,
09/28/2017,104.58,
09/27/2017,103.89,
09/26/2017,102.94,
09/25/2017,103.02,
09/22/2017,105.56,
09/21/2017,105.31,
09/20/2017,104.97,
09/19/2017,105.41,
09/18/2017,104.83,
09/15/2017,105.3,
09/14/2017,106.08,
09/13/2017,105.83,
09/12/2017,106.21,
09/11/2017,106.15,
09/08/2017,104.43,
09/07/2017,104.56,
09/06/2017,103.18,
09/05/2017,103.01,
09/01/2017,103.9,
08/31/2017,103.52,
08/30/2017,103.73,
08/29/2017,103.77,
08/28/2017,103.78,
08/25/2017,103.35,
08/24/2017,103.22,
08/23/2017,103.18,
08/22/2017,104.07,
08/21/2017,103.22,
08/18/2017,102.51,
08/17/2017,102.16,
08/16/2017,103.32,
08/15/2017,102.63,
08/14/2017,101.87,
08/11/2017,100.09,
08/10/2017,99.49,
08/09/2017,100.97,
08/08/2017,101.28,
08/07/2017,101.49,
08/04/2017,100.89,
08/03/2017,100.59,
08/02/2017,101.28,
08/01/2017,100.87,
07/31/2017,99.56,
07/28/2017,99.15,
07/27/2017,99.57,
07/26/2017,100.85,
07/25/2017,99.99,
07/24/2017,100.37,
07/21/2017,99.6,
07/20/2017,98.11,
07/19/2017,98.25,
07/18/2017,97.58,
07/17/2017,96.83,
07/14/2017,96.93,
07/13/2017,95.94,
07/12/2017,96.18,
07/11/2017,95.41,
07/10/2017,95.09,
07/07/2017,93.92,
07/06/2017,93.25,
07/05/2017,94.01,
07/03/2017,93.35,
06/30/2017,93.78,
06/29/2017,94.42,
06/28/2017,96.23,
06/27/2017,94.9,
06/26/2017,95.22,
06/23/2017,95.58,
06/22/2017,93.95,
06/21/2017,94.54,
06/20/2017,94.38,
06/19/2017,94.79,
06/16/2017,94.17,
06/15/2017,94.17,
06/14/2017,95.32,
06/13/2017,95.08,
06/12/2017,93.5,
06/09/2017,94.56,
06/08/2017,96.09,
06/07/2017,96.09,
06/06/2017,95.79,
06/05/2017,96.55,
06/02/2017,96.15,
06/01/2017,95.4,
05/31/2017,95.23,
05/30/2017,94.72,
05/26/2017,94.67,
05/25/2017,95.04,
05/24/2017,94.81,
05/23/2017,93.86,
05/22/2017,93.31,
05/19/2017,92.48,
05/18/2017,91.71,
05/17/2017,91.76,
05/16/2017,93.15,
05/15/2017,93.23,
05/12/2017,92.73,
05/11/2017,92.1,
05/10/2017,92.25,
05/09/2017,92,
05/08/2017,91.92,
05/05/2017,92.09,
05/04/2017,92.62,
05/03/2017,92.44,
05/02/2017,92.54,
05/01/2017,91.26,
04/28/2017,91.22,
04/27/2017,91.6,
04/26/2017,91.82,
04/25/2017,92.11,
04/24/2017,91.85,
04/21/2017,91.15,
04/20/2017,91.15,
04/19/2017,89.75,
04/18/2017,89.73,
04/17/2017,89.81,
04/13/2017,88.87,
04/12/2017,88.68,
04/11/2017,88.85,
04/10/2017,88.86,
04/07/2017,88.74,
04/06/2017,89.09,
04/05/2017,89.03,
04/04/2017,88.78,
04/03/2017,89.36,
03/31/2017,88.87,
03/30/2017,89.01,
03/29/2017,89.18,
03/28/2017,89.12,
03/27/2017,88.95,
03/24/2017,89.19,
03/23/2017,88.86,
03/22/2017,88.52,
03/21/2017,88.06,
03/20/2017,89.18,
03/17/2017,90.24,
03/16/2017,90.04,
03/15/2017,89.92,
03/14/2017,89.55,
03/13/2017,90.11,
03/10/2017,89.73,
03/09/2017,89.11,
03/08/2017,88.96,
03/07/2017,89.06,
03/06/2017,88.94,
03/03/2017,88.79,
03/02/2017,88.53,
03/01/2017,88.99,
02/28/2017,87.94,
02/27/2017,88,
02/24/2017,88.43,
02/23/2017,88.18,
02/22/2017,87.8,
02/21/2017,87.92,
02/17/2017,87.46,
02/16/2017,87.41,
02/15/2017,87.54,
02/14/2017,86.85,
02/13/2017,86.44,
02/10/2017,85.9,
02/09/2017,85.58,
02/08/2017,85.09,
02/07/2017,85.78,
02/06/2017,85.83,
02/03/2017,86.08,
02/02/2017,82.3,
02/01/2017,82.44,
01/31/2017,82.71,
01/30/2017,83.7,
01/27/2017,83.77,
01/26/2017,83.24,
01/25/2017,83.9,
01/24/2017,83.23,
01/23/2017,82.15,
01/20/2017,81.84,
01/19/2017,81.73,
01/18/2017,81.59,
01/17/2017,81.26,
01/13/2017,81.17,
01/12/2017,81.37,
01/11/2017,81.8,
01/10/2017,81.31,
01/09/2017,81.75,
01/06/2017,82.21,
01/05/2017,81.09,
01/04/2017,80.15,
01/03/2017,79.5,
12/30/2016,78.02,
12/29/2016,78.33,
12/28/2016,78.3,
12/27/2016,78.35,
12/23/2016,78.15,
12/22/2016,77.9,
12/21/2016,78.14,
12/20/2016,78.36,
12/19/2016,78.1,
12/16/2016,78.35,
12/15/2016,79.5,
12/14/2016,79.13,
12/13/2016,79.2,
12/12/2016,78.5,
12/09/2016,79.14,
12/08/2016,79.28,
12/07/2016,79.31,
12/06/2016,77.11,
12/05/2016,77.31,
12/02/2016,75.72,
12/01/2016,75.43,
11/30/2016,77.32,
11/29/2016,79.15,
11/28/2016,79.08,
11/25/2016,80.13,
11/23/2016,79.57,
11/22/2016,79.93,
11/21/2016,81.69,
11/18/2016,80.82,
11/17/2016,81.07,
11/16/2016,80.08,
11/15/2016,78.57,
11/14/2016,78.38,
11/11/2016,81.88,
11/10/2016,81.87,
11/09/2016,83.24,
11/08/2016,82.88,
11/07/2016,82.51,
11/04/2016,80.36,
11/03/2016,80.65,
11/02/2016,80.58,
11/01/2016,81.62,
10/31/2016,82.51,
10/28/2016,82.22,
10/27/2016,81.92,
10/26/2016,81.75,
10/25/2016,82.03,
10/24/2016,83.17,
10/21/2016,82.35,
10/20/2016,82.5,
10/19/2016,82.81,
10/18/2016,81.58,
10/17/2016,82.15,
10/14/2016,82.45,
10/13/2016,81.87,
10/12/2016,82.25,
10/11/2016,82.04,
10/10/2016,83.12,
10/07/2016,82.88,
10/06/2016,83.36,
10/05/2016,83.35,
10/04/2016,82.73,
10/03/2016,82.86,
09/30/2016,82.7,
09/29/2016,81.92,
09/28/2016,82.97,
09/27/2016,82.16,
09/26/2016,81.81,
09/23/2016,82.54,
09/22/2016,83.36,
09/21/2016,83.22,
09/20/2016,82.48,
09/19/2016,82.51,
09/16/2016,82.07,
09/15/2016,82.01,
09/14/2016,81.49,
09/13/2016,81.89,
09/12/2016,82.97,
09/09/2016,81.33,
09/08/2016,82.97,
09/07/2016,83.24,
09/06/2016,82.53,
09/02/2016,82,
09/01/2016,81.3,
08/31/2016,80.9,
08/30/2016,81.17,
08/29/2016,80.87,
08/26/2016,80.57,
08/25/2016,80.32,
08/24/2016,80.29,
08/23/2016,80.8,
08/22/2016,81.06,
08/19/2016,80.47,
08/18/2016,80.27,
08/17/2016,80.84,
08/16/2016,80.81,
08/15/2016,80.91,
08/12/2016,80.02,
08/11/2016,80.12,
08/10/2016,79.68,
08/09/2016,80.06,
08/08/2016,79.95,
08/05/2016,80.14,
08/04/2016,79.48,
08/03/2016,78.71,
08/02/2016,78.28,
08/01/2016,78.26,
07/29/2016,78.05,
07/28/2016,79.19,
07/27/2016,78.53,
07/26/2016,78.49,
07/25/2016,78.94,
07/22/2016,79.91,
07/21/2016,78.79,
07/20/2016,79.36,
07/19/2016,78.72,
07/18/2016,78.31,
07/15/2016,78.3,
07/14/2016,78.14,
07/13/2016,77.46,
07/12/2016,77.48,
07/11/2016,76.52,
07/08/2016,76.42,
07/07/2016,74.51,
07/06/2016,74.06,
07/05/2016,74.67,
07/01/2016,74.48,
06/30/2016,74.17,
06/29/2016,76.74,
06/28/2016,75.16,
06/27/2016,73.34,
06/24/2016,75.05,
06/23/2016,78.23,
06/22/2016,76.53,
06/21/2016,77.33,
06/20/2016,77.34,
06/17/2016,76.99,
06/16/2016,78.35,
06/15/2016,78.17,
06/14/2016,78.57,
06/13/2016,78.4,
06/10/2016,80.18,
06/09/2016,81.26,
06/08/2016,81.65,
06/07/2016,80.6,
06/06/2016,80.54,
06/03/2016,79.94,
06/02/2016,79.95,
06/01/2016,79.22,
05/31/2016,78.94,
05/27/2016,79.66,
05/26/2016,79,
05/25/2016,79.06,
05/24/2016,79.38,
05/23/2016,77.21,
05/20/2016,77.67,
05/19/2016,76.88,
05/18/2016,77.43,
05/17/2016,76.79,
05/16/2016,77.8,
05/13/2016,76.83,
05/12/2016,77.89,
05/11/2016,77.3,
05/10/2016,79.2,
05/09/2016,78.22,
05/06/2016,77.72,
05/05/2016,77.36,
05/04/2016,77.07,
05/03/2016,77.19,
05/02/2016,78.46,
04/29/2016,77.24,
04/28/2016,77.68,
04/27/2016,78.76,
04/26/2016,78.53,
04/25/2016,78.14,
04/22/2016,79.11,
04/21/2016,80.79,
04/20/2016,81.15,
04/19/2016,80.75,
04/18/2016,81.45,
04/15/2016,80.08,
04/14/2016,80.33,
04/13/2016,79.71,
04/12/2016,78.52,
04/11/2016,77.82,
04/08/2016,78.03,
04/07/2016,77.58,
04/06/2016,78.21,
04/05/2016,76.97,
04/04/2016,77.83,
04/01/2016,77.59,
03/31/2016,76.48,
03/30/2016,76.78,
03/29/2016,75.38,
03/28/2016,74.08,
03/24/2016,74.14,
03/23/2016,73.91,
03/22/2016,72.96,
03/21/2016,73.77,
03/18/2016,73.78,
03/17/2016,73.14,
03/16/2016,72.37,
03/15/2016,71.91,
03/14/2016,71.49,
03/11/2016,71.63,
03/10/2016,70.22,
03/09/2016,70.68,
03/08/2016,70.62,
03/07/2016,71.94,
03/04/2016,73.9,
03/03/2016,73.91,
03/02/2016,74.3,
03/01/2016,74.64,
02/29/2016,72.39,
02/26/2016,72.73,
02/25/2016,73.27,
02/24/2016,71.85,
02/23/2016,72.15,
02/22/2016,73.06,
02/19/2016,71.53,
02/18/2016,71.24,
02/17/2016,72.03,
02/16/2016,71.1,
02/12/2016,70.42,
02/11/2016,68.47,
02/10/2016,70.15,
02/09/2016,68.33,
02/08/2016,67.77,
02/05/2016,71.54,
02/04/2016,73.68,
02/03/2016,74.38,
02/02/2016,73.4,
02/01/2016,74.38,
01/29/2016,74.49,
01/28/2016,69.33,
01/27/2016,70.91,
01/26/2016,71.88,
01/25/2016,71.74,
01/22/2016,72.7,
01/21/2016,71.56,
01/20/2016,70.68,
01/19/2016,71.39,
01/15/2016,71.83,
01/14/2016,73.8,
01/13/2016,73.1,
01/12/2016,74.76,
01/11/2016,73.92,
01/08/2016,72.88,
01/07/2016,73.79,
01/06/2016,75.27,
01/05/2016,76.27,
01/04/2016,75.7,
12/31/2015,77.55,
12/30/2015,78.35,
12/29/2015,79.21,
12/28/2015,78.53,
12/24/2015,78.26,
12/23/2015,78.56,
12/22/2015,77.38,
12/21/2015,77.17,
12/18/2015,76.32,
12/17/2015,78.69,
12/16/2015,79.86,
12/15/2015,78.62,
12/14/2015,76.87,
12/11/2015,76.11,
12/10/2015,78.12,
12/09/2015,77.88,
12/08/2015,79.07,
12/07/2015,79.55,
12/04/2015,80.4,
12/03/2015,78.29,
12/02/2015,79.04,
12/01/2015,79.91,
11/30/2015,79.01,
11/27/2015,79.84,
11/25/2015,79.56,
11/24/2015,79.79,
11/23/2015,80.11,
11/20/2015,80.19,
11/19/2015,80.15,
11/18/2015,80.46,
11/17/2015,78.83,
11/16/2015,78.9,
11/13/2015,78.11,
11/12/2015,78.31,
11/11/2015,79.18,
11/10/2015,79.48,
11/09/2015,78.04,
11/06/2015,78.75,
11/05/2015,79.26,
11/04/2015,78.35,
11/03/2015,77.9,
11/02/2015,75.22,
10/30/2015,77.58,
10/29/2015,78.51,
10/28/2015,78.87,
10/27/2015,77.52,
10/26/2015,78.18,
10/23/2015,77.07,
10/22/2015,76.42,
10/21/2015,75.46,
10/20/2015,76.28,
10/19/2015,76.99,
10/16/2015,76,
10/15/2015,75.34,
10/14/2015,74.2,
10/13/2015,75,
10/12/2015,74.99,
10/09/2015,73.98,
10/08/2015,73.9,
10/07/2015,73.22,
10/06/2015,72.08,
10/05/2015,72.23,
10/02/2015,70.67,
10/01/2015,69.99,
09/30/2015,69.66,
09/29/2015,68.53,
09/28/2015,67.2,
09/25/2015,70.69,
09/24/2015,70.24,
09/23/2015,70.95,
09/22/2015,70.25,
09/21/2015,70.78,
09/18/2015,69.79,
09/17/2015,70.96,
09/16/2015,70.99,
09/15/2015,70.51,
09/14/2015,70.01,
09/11/2015,70.76,
09/10/2015,70.23,
09/09/2015,69.6,
09/08/2015,70.53,
09/04/2015,69.16,
09/03/2015,70.4,
09/02/2015,69.62,
09/01/2015,68.96,
08/31/2015,71.3,
08/28/2015,72.46,
08/27/2015,72.4,
08/26/2015,70.69,
08/25/2015,66.97,
08/24/2015,68.36,
08/21/2015,71.19,
08/20/2015,73.95,
08/19/2015,74.4,
08/18/2015,74.47,
08/17/2015,74.41,
08/14/2015,74.22,
08/13/2015,73.93,
08/12/2015,73.54,
08/11/2015,73.36,
08/10/2015,74.38,
08/07/2015,74.21,
08/06/2015,73.58,
08/05/2015,74.98,
08/04/2015,75.27,
08/03/2015,75.77,
07/31/2015,75.34,
07/30/2015,76.38,
07/29/2015,76.01,
07/28/2015,74.74,
07/27/2015,73.86,
07/24/2015,74.8,
07/23/2015,71.75,
07/22/2015,71.97,
07/21/2015,72.02,
07/20/2015,72.7,
07/17/2015,70.88,
07/16/2015,70.57,
07/15/2015,70.02,
07/14/2015,70.1,
07/13/2015,69.52,
07/10/2015,68.42,
07/09/2015,67.05,
07/08/2015,66.73,
07/07/2015,67.77,
07/06/2015,68.12,
07/02/2015,68.24,
07/01/2015,67.85,
06/30/2015,67.15,
06/29/2015,66.72,
06/26/2015,68.75,
06/25/2015,68.62,
06/24/2015,68.86,
06/23/2015,69.42,
06/22/2015,69.09,
06/19/2015,68.69,
06/18/2015,69.5,
06/17/2015,68.75,
06/16/2015,69.01,
06/15/2015,68.57,
06/12/2015,69.33,
06/11/2015,69.64,
06/10/2015,69.63,
06/09/2015,67.95,
06/08/2015,67.68,
06/05/2015,68.37,
06/04/2015,68.21,
06/03/2015,68.95,
06/02/2015,69.04,
06/01/2015,69.11,
05/29/2015,68.68,
05/28/2015,69.56,
05/27/2015,69.49,
05/26/2015,68.54,
05/22/2015,69.62,
05/21/2015,69.37,
05/20/2015,69.78,
05/19/2015,70.16,
05/18/2015,70,
05/15/2015,69.57,
05/14/2015,70,
05/13/2015,68.65,
05/12/2015,68.69,
05/11/2015,69.02,
05/08/2015,69.47,
05/07/2015,66.58,
05/06/2015,65.67,
05/05/2015,65.96,
05/04/2015,65.58,
05/01/2015,65.77,
04/30/2015,66.05,
04/29/2015,67.34,
04/28/2015,66.77,
04/27/2015,67.1,
04/24/2015,67.48,
04/23/2015,67.72,
04/22/2015,68.01,
04/21/2015,65.35,
04/20/2015,64.72,
04/17/2015,64.52,
04/16/2015,65.65,
04/15/2015,65.68,
04/14/2015,65.53,
04/13/2015,65.61,
04/10/2015,66.34,
04/09/2015,66.44,
04/08/2015,66.5,
04/07/2015,65.8,
04/06/2015,65.2,
04/02/2015,65.29,
04/01/2015,65.18,
03/31/2015,65.41,
03/30/2015,65.66,
03/27/2015,65.54,
03/26/2015,65.59,
03/25/2015,65.73,
03/24/2015,67.1,
03/23/2015,67.08,
03/20/2015,67.41,
03/19/2015,66.81,
03/18/2015,66.92,
03/17/2015,66.12,
03/16/2015,67.25,
03/13/2015,66.26,
03/12/2015,67.39,
03/11/2015,66.19,
03/10/2015,66.3,
03/09/2015,67.86,
03/06/2015,67.33,
03/05/2015,68.53,
03/04/2015,68.44,
03/03/2015,68.83,
03/02/2015,69.57,
02/27/2015,67.83,
02/26/2015,68.44,
02/25/2015,68.25,
02/24/2015,68.12,
02/23/2015,68.25,
02/20/2015,68.25,
02/19/2015,67.28,
02/18/2015,67.28,
02/17/2015,67.72,
02/13/2015,67.41,
02/12/2015,67.73,
02/11/2015,66.5,
02/10/2015,66.14,
02/09/2015,66.36,
02/06/2015,66.86,
02/05/2015,67.95,
02/04/2015,66.22,
02/03/2015,64.95,
02/02/2015,63.84,
01/30/2015,63.73,
01/29/2015,62,
01/28/2015,61.59,
01/27/2015,62.75,
01/26/2015,64.13,
01/23/2015,64.57,
01/22/2015,64.4,
01/21/2015,64.32,
01/20/2015,64.21,
01/16/2015,63.74,
01/15/2015,63.28,
01/14/2015,63.89,
01/13/2015,65.19,
01/12/2015,65,
01/09/2015,65.13,
01/08/2015,66.11,
01/07/2015,65.24,
01/06/2015,64.38,
01/05/2015,64.79,
01/02/2015,66.25,
12/31/2014,65.55,
12/30/2014,66.14,
12/29/2014,66.36,
12/26/2014,66.66,
12/24/2014,66.91,
12/23/2014,66.31,
12/22/2014,66.05,
12/19/2014,65.42,
12/18/2014,66.04,
12/17/2014,64.77,
12/16/2014,63.35,
12/15/2014,64.17,
12/12/2014,64.19,
12/11/2014,65.78,
12/10/2014,65.43,
12/09/2014,66.03,
12/08/2014,65.78,
12/05/2014,65.84,
12/04/2014,65.28,
12/03/2014,65.4,
12/02/2014,65,
12/01/2014,64.54,
11/28/2014,64.55,
11/26/2014,64.31,
11/25/2014,64.31,
11/24/2014,63.66,
11/21/2014,63.55,
11/20/2014,62.92,
11/19/2014,62.47,
11/18/2014,62.43,
11/17/2014,62.45,
11/14/2014,62.21,
11/13/2014,62.73,
11/12/2014,62.99,
11/11/2014,62.43,
11/10/2014,62.55,
11/07/2014,63.11,
11/06/2014,62.52,
11/05/2014,62.38,
11/04/2014,60.74,
11/03/2014,60.38,
10/31/2014,60.36,
10/30/2014,59.16,
10/29/2014,53.66,
10/28/2014,54.18,
10/27/2014,53.35,
10/24/2014,53.37,
10/23/2014,53.57,
10/22/2014,52.73,
10/21/2014,53.33,
10/20/2014,51.96,
10/17/2014,51.5,
10/16/2014,50.75,
10/15/2014,50.06,
10/14/2014,50.68,
10/13/2014,51.07,
10/10/2014,51.24,
10/09/2014,51.93,
10/08/2014,53.09,
10/07/2014,52.01,
10/06/2014,52.95,
10/03/2014,53,
10/02/2014,52.43,
10/01/2014,52.5,
09/30/2014,53.34,
09/29/2014,52.73,
09/26/2014,52.98,
09/25/2014,52.68,
09/24/2014,53.6,
09/23/2014,53.12,
09/22/2014,53.47,
09/19/2014,54.06,
09/18/2014,54.11,
09/17/2014,53.88,
09/16/2014,54.33,
09/15/2014,53.66,
09/12/2014,53.51,
09/11/2014,53.74,
09/10/2014,54.22,
09/09/2014,53.57,
09/08/2014,53.94,
09/05/2014,53.55,
09/04/2014,53.56,
09/03/2014,53.73,
09/02/2014,53.68,
08/29/2014,53.13,
08/28/2014,53.65,
08/27/2014,54.28,
08/26/2014,54.18,
08/25/2014,54.01,
08/22/2014,54.02,
08/21/2014,53.94,
08/20/2014,54.05,
08/19/2014,53.75,
08/18/2014,53.58,
08/15/2014,52.55,
08/14/2014,53.13,
08/13/2014,52.86,
08/12/2014,52.58,
08/11/2014,52.65,
08/08/2014,52.62,
08/07/2014,52.26,
08/06/2014,52.67,
08/05/2014,52.63,
08/04/2014,53.04,
08/01/2014,52.95,
07/31/2014,52.75,
07/30/2014,53.52,
07/29/2014,53.38,
07/28/2014,53.55,
07/25/2014,53.69,
07/24/2014,55.69,
07/23/2014,55.3,
07/22/2014,55.31,
07/21/2014,54.8,
07/18/2014,55.05,
07/17/2014,54.47,
07/16/2014,55.67,
07/15/2014,55.45,
07/14/2014,55.26,
07/11/2014,54.25,
07/10/2014,53.88,
07/09/2014,54.04,
07/08/2014,53.81,
07/07/2014,54.19,
07/03/2014,54.13,
07/02/2014,53.71,
07/01/2014,53.56,
06/30/2014,52.68,
06/27/2014,52.32,
06/26/2014,52.24,
06/25/2014,52.27,
06/24/2014,51.95,
06/23/2014,52.37,
06/20/2014,52.37,
06/19/2014,52.58,
06/18/2014,52.81,
06/17/2014,52.7,
06/16/2014,52.56,
06/13/2014,52.82,
06/12/2014,52.94,
06/11/2014,53.17,
06/10/2014,53.56,
06/09/2014,53.15,
06/06/2014,53.25,
06/05/2014,53.05,
06/04/2014,52.86,
06/03/2014,52.83,
06/02/2014,53.38,
05/30/2014,53.71,
05/29/2014,53.67,
05/28/2014,53.45,
05/27/2014,53.62,
05/23/2014,53.02,
05/22/2014,52.34,
05/21/2014,52.52,
05/20/2014,51.98,
05/19/2014,52.59,
05/16/2014,52.45,
05/15/2014,51.86,
05/14/2014,52.47,
05/13/2014,53.02,
05/12/2014,52.92,
05/09/2014,52.7,
05/08/2014,52.73,
05/07/2014,52.17,
05/06/2014,51.34,
05/05/2014,51.78,
05/02/2014,51.1,
05/01/2014,51.52,
04/30/2014,50.65,
04/29/2014,50.67,
04/28/2014,50.35,
04/25/2014,49.73,
04/24/2014,52.35,
04/23/2014,52.2,
04/22/2014,52.49,
04/21/2014,52.28,
04/17/2014,51.99,
04/16/2014,52.34,
04/15/2014,51.01,
04/14/2014,50.25,
04/11/2014,49.16,
04/10/2014,50.39,
04/09/2014,51.88,
04/08/2014,50.65,
04/07/2014,50.85,
04/04/2014,51.92,
04/03/2014,53.75,
04/02/2014,53.66,
04/01/2014,53.67,
03/31/2014,53.97,
03/28/2014,53.02,
03/27/2014,53.94,
03/26/2014,53.92,
03/25/2014,54.6,
03/24/2014,55.19,
03/21/2014,55.84,
03/20/2014,55.45,
03/19/2014,55.95,
03/18/2014,56.6,
03/17/2014,55.95,
03/14/2014,55.19,
03/13/2014,55.2,
03/12/2014,56.52,
03/11/2014,56.8,
03/10/2014,56.38,
03/07/2014,56.39,
03/06/2014,55.97,
03/05/2014,55.7,
03/04/2014,56.38,
03/03/2014,55.36,
02/28/2014,56.48,
02/27/2014,56.57,
02/26/2014,56.53,
02/25/2014,56.78,
02/24/2014,56.55,
02/21/2014,55.84,
02/20/2014,55.87,
02/19/2014,55.97,
02/18/2014,56.52,
02/14/2014,56.5,
02/13/2014,56.01,
02/12/2014,56.04,
02/11/2014,55.58,
02/10/2014,55.14,
02/07/2014,55.45,
02/06/2014,54.75,
02/05/2014,53.9,
02/04/2014,53.63,
02/03/2014,53.37,
01/31/2014,53.86,
01/30/2014,55.22,
01/29/2014,54.28,
01/28/2014,55.24,
01/27/2014,54.05,
01/24/2014,55.31,
01/23/2014,57.06,
01/22/2014,58.25,
01/21/2014,57.98,
01/17/2014,58.05,
01/16/2014,55.44,
01/15/2014,55.94,
01/14/2014,55.66,
01/13/2014,54.73,
01/10/2014,55.28,
01/09/2014,55.48,
01/08/2014,55.55,
01/07/2014,55.38,
01/06/2014,54.96,
01/03/2014,55.29,
01/02/2014,55.25,
12/31/2013,55.67,
12/30/2013,55.23,
12/27/2013,54.92,
12/26/2013,55.05,
12/24/2013,54.68,
12/23/2013,54.51,
12/20/2013,53.99,
12/19/2013,54.02,
12/18/2013,53.84,
12/17/2013,53.31,
12/16/2013,51.94,
12/13/2013,51.84,
12/12/2013,50.86,
12/11/2013,51.41,
12/10/2013,49.86,
12/09/2013,50.4,
12/06/2013,50.47,
12/05/2013,50.43,
12/04/2013,50.69,
12/03/2013,50.44,
12/02/2013,51.28,
11/29/2013,50.87,
11/27/2013,51,
11/26/2013,50.88,
11/25/2013,50.48,
11/22/2013,50.53,
11/21/2013,50.4,
11/20/2013,49.53,
11/19/2013,49.35,
11/18/2013,49.98,
11/15/2013,50.5,
11/14/2013,50.04,
11/13/2013,49.95,
11/12/2013,49.57,
11/11/2013,49.82,
11/08/2013,49.57,
11/07/2013,49.02,
11/06/2013,49.76,
11/05/2013,49.34,
11/04/2013,49.1,
11/01/2013,49.79,
10/31/2013,49.17,
10/30/2013,50.95,
10/29/2013,51.06,
10/28/2013,50.77,
10/25/2013,50.77,
10/24/2013,50.73,
10/23/2013,49.72,
10/22/2013,49.99,
10/21/2013,50.01,
10/18/2013,50.11,
10/17/2013,49.57,
10/16/2013,48.91,
10/15/2013,47.84,
10/14/2013,48.36,
10/11/2013,48.05,
10/10/2013,47.26,
10/09/2013,45.96,
10/08/2013,45.63,
10/07/2013,46.58,
10/04/2013,47.62,
10/03/2013,47.16,
10/02/2013,47.95,
10/01/2013,48.3,
09/30/2013,47.77,
09/27/2013,48.26,
09/26/2013,48.39,
09/25/2013,47.89,
09/24/2013,48.34,
09/23/2013,49.06,
09/20/2013,49.71,
09/19/2013,48.68,
09/18/2013,48.41,
09/17/2013,47.9,
09/16/2013,47.34,
09/13/2013,47.25,
09/12/2013,46.27,
09/11/2013,46.58,
09/10/2013,46.15,
09/09/2013,44.64,
09/06/2013,44.17,
09/05/2013,44.05,
09/04/2013,44.05,
09/03/2013,44.26,
08/30/2013,43.6,
08/29/2013,43.84,
08/28/2013,43.8,
08/27/2013,43.54,
08/26/2013,43.75,
08/23/2013,44.77,
08/22/2013,44.73,
08/21/2013,44.6,
08/20/2013,43.3,
08/19/2013,43.74,
08/16/2013,43.28,
08/15/2013,43.48,
08/14/2013,44.59,
08/13/2013,44.81,
08/12/2013,44.94,
08/09/2013,44.95,
08/08/2013,45.2,
08/07/2013,45.35,
08/06/2013,45.72,
08/05/2013,46.13,
08/02/2013,46,
08/01/2013,44.79,
07/31/2013,44.25,
07/30/2013,47.86,
07/29/2013,47.99,
07/26/2013,48.3,
07/25/2013,48.65,
07/24/2013,46.69,
07/23/2013,47.15,
07/22/2013,47.8,
07/19/2013,47.48,
07/18/2013,47.75,
07/17/2013,47.41,
07/16/2013,47.34,
07/15/2013,47.56,
07/12/2013,47.68,
07/11/2013,47.49,
07/10/2013,46.67,
07/09/2013,46.8,
07/08/2013,47.02,
07/05/2013,47.7,
07/03/2013,46.76,
07/02/2013,46.31,
07/01/2013,46.3,
06/28/2013,45.69,
06/27/2013,46.06,
06/26/2013,45.66,
06/25/2013,45.12,
06/24/2013,44.57,
06/21/2013,44.88,
06/20/2013,44.62,
06/19/2013,45.66,
06/18/2013,46,
06/17/2013,45.59,
06/14/2013,45.23,
06/13/2013,45.56,
06/12/2013,44.79,
06/11/2013,44.91,
06/10/2013,45.58,
06/07/2013,44.98,
06/06/2013,44.84,
06/05/2013,44.3,
06/04/2013,45.05,
06/03/2013,45.05,
05/31/2013,44.53,
05/30/2013,45.26,
05/29/2013,44.53,
05/28/2013,45.01,
05/24/2013,45.11,
05/23/2013,44.52,
05/22/2013,45.03,
05/21/2013,45.39,
05/20/2013,45.4,
05/17/2013,46.14,
05/16/2013,44.95,
05/15/2013,45.44,
05/14/2013,45.08,
05/13/2013,44.73,
05/10/2013,44.69,
05/09/2013,44.65,
05/08/2013,44.81,
05/07/2013,44.95,
05/06/2013,44.72,
05/03/2013,44.88,
05/02/2013,43.85,
05/01/2013,41.51,
04/30/2013,42.12,
04/29/2013,41.98,
04/26/2013,41.81,
04/25/2013,42.19,
04/24/2013,41.77,
04/23/2013,41.41,
04/22/2013,40.88,
04/19/2013,40.99,
04/18/2013,40.35,
04/17/2013,40.56,
04/16/2013,41.18,
04/15/2013,40.32,
04/12/2013,41.44,
04/11/2013,41.91,
04/10/2013,41.75,
04/09/2013,41.19,
04/08/2013,41.57,
04/05/2013,41.29,
04/04/2013,41.62,
04/03/2013,41.19,
04/02/2013,41.99,
04/01/2013,41.84,
03/28/2013,42.46,
03/27/2013,42.16,
03/26/2013,41.87,
03/25/2013,41,
03/22/2013,40.02,
03/21/2013,39.45,
03/20/2013,39.83,
03/19/2013,39,
03/18/2013,39.52,
03/15/2013,39.64,
03/14/2013,40.16,
03/13/2013,39.84,
03/12/2013,39.95,
03/11/2013,40.3,
03/08/2013,40.17,
03/07/2013,40.13,
03/06/2013,40.27,
03/05/2013,40.07,
03/04/2013,39.88,
03/01/2013,39.52,
02/28/2013,39.66,
02/27/2013,39.97,
02/26/2013,39.46,
02/25/2013,38.97,
02/22/2013,39.86,
02/21/2013,39.36,
02/20/2013,38.85,
02/19/2013,39.4,
02/15/2013,39.5,
02/14/2013,38.99,
02/13/2013,38.69,
02/12/2013,39.2,
02/11/2013,39.08,
02/08/2013,39.45,
02/07/2013,39.27,
02/06/2013,40.2,
02/05/2013,39.88,
02/04/2013,39.16,
02/01/2013,39.64,
01/31/2013,39.48,
01/30/2013,38.75,
01/29/2013,39.16,
01/28/2013,39.09,
01/25/2013,39.96,
01/24/2013,39.89,
01/23/2013,39.76,
01/22/2013,39.76,
01/18/2013,39.57,
01/17/2013,39.97,
01/16/2013,40.05,
01/15/2013,40.11,
01/14/2013,40.16,
01/11/2013,40.29,
01/10/2013,40.13,
01/09/2013,40.45,
01/08/2013,39.84,
01/07/2013,39.47,
01/04/2013,39.19,
01/03/2013,38.88,
01/02/2013,38.84,
12/31/2012,37.9,
12/28/2012,37.16,
12/27/2012,37.35,
12/26/2012,37.44,
12/24/2012,37.8,
12/21/2012,37.69,
12/20/2012,38.12,
12/19/2012,37.29,
12/18/2012,37.68,
12/17/2012,37.28,
12/14/2012,36.7,
12/13/2012,36.8,
12/12/2012,36.97,
12/11/2012,37.23,
12/10/2012,37.16,
12/07/2012,37.14,
12/06/2012,37.12,
12/05/2012,37.02,
12/04/2012,36.9,
12/03/2012,37.16,
11/30/2012,37.43,
11/29/2012,37.05,
11/28/2012,36.82,
11/27/2012,36.7,
11/26/2012,36.81,
11/23/2012,37.03,
11/21/2012,36.66,
11/20/2012,36.59,
11/19/2012,36.41,
11/16/2012,35.68,
11/15/2012,35,
11/14/2012,34.99,
11/13/2012,35.61,
11/12/2012,35.81,
11/09/2012,35.73,
11/08/2012,35.52,
11/07/2012,35.64,
11/06/2012,35.97,
11/05/2012,35.38,
11/02/2012,35.85,
11/01/2012,35.97,
10/31/2012,34.69,
10/26/2012,34.58,
10/25/2012,34.39,
10/24/2012,34.12,
10/23/2012,34.16,
10/22/2012,34.75,
10/19/2012,34.99,
10/18/2012,35.47,
10/17/2012,35.64,
10/16/2012,35.29,
10/15/2012,34.97,
10/12/2012,34.78,
10/11/2012,34.76,
10/10/2012,34.35,
10/09/2012,34.19,
10/08/2012,34.68,
10/05/2012,35.06,
10/04/2012,34.92,
10/03/2012,34.63,
10/02/2012,34,
10/01/2012,34.18,
09/28/2012,33.57,
09/27/2012,33.48,
09/26/2012,33.13,
09/25/2012,33.64,
09/24/2012,33.44,
09/21/2012,33.75,
09/20/2012,33.65,
09/19/2012,33.7,
09/18/2012,33.41,
09/17/2012,33.47,
09/14/2012,33.56,
09/13/2012,33.74,
09/12/2012,33.37,
09/11/2012,32.87,
09/10/2012,32.17,
09/07/2012,32.43,
09/06/2012,32.38,
09/05/2012,31.9,
09/04/2012,32.13,
08/31/2012,32.06,
08/30/2012,31.68,
08/29/2012,32.01,
08/28/2012,31.85,
08/27/2012,31.91,
08/24/2012,31.66,
08/23/2012,31.79,
08/22/2012,32.02,
08/21/2012,31.88,
08/20/2012,32.04,
08/17/2012,32.17,
08/16/2012,32.42,
08/15/2012,32.27,
08/14/2012,32.47,
08/13/2012,32.08,
08/10/2012,32.27,
08/09/2012,32.13,
08/08/2012,32.79,
08/07/2012,32.6,
08/06/2012,32.76,
08/03/2012,32.74,
08/02/2012,32.32,
08/01/2012,31.86,
07/31/2012,32.27,
07/30/2012,32.71,
07/27/2012,32.28,
07/26/2012,31.69,
07/25/2012,30.55,
07/24/2012,30.66,
07/23/2012,31.12,
07/20/2012,31.44,
07/19/2012,31.35,
07/18/2012,31.95,
07/17/2012,32.06,
07/16/2012,31.79,
07/13/2012,31.02,
07/12/2012,30.66,
07/11/2012,30.18,
07/10/2012,30.57,
07/09/2012,30.91,
07/06/2012,31.32,
07/05/2012,31.75,
07/03/2012,31.59,
07/02/2012,31.66,
06/29/2012,30.91,
06/28/2012,30.38,
06/27/2012,30.86,
06/26/2012,30.79,
06/25/2012,30.32,
06/22/2012,31.24,
06/21/2012,29.87,
06/20/2012,30.65,
06/19/2012,30.34,
06/18/2012,30.02,
06/15/2012,29.6,
06/14/2012,29.12,
06/13/2012,28.73,
06/12/2012,29.29,
06/11/2012,29.09,
06/08/2012,29.14,
06/07/2012,29.2,
06/06/2012,29.09,
06/05/2012,28.45,
06/04/2012,28.54,
06/01/2012,28.06,
05/31/2012,28.8,
05/30/2012,29.37,
05/29/2012,30.07,
05/25/2012,29.84,
05/24/2012,29.94,
05/23/2012,29.79,
05/22/2012,29.6,
05/21/2012,29.05,
05/18/2012,28.16,
05/17/2012,28.75,
05/16/2012,29.38,
05/15/2012,29.15,
05/14/2012,29.18,
05/11/2012,29.48,
05/10/2012,29.54,
05/09/2012,29.36,
05/08/2012,29.54,
05/07/2012,29.63,
05/04/2012,29.45,
05/03/2012,29.1,
05/02/2012,30.55,
05/01/2012,30.77,
04/30/2012,30.75,
04/27/2012,30.88,
04/26/2012,30.8,
04/25/2012,30.45,
04/24/2012,29.73,
04/23/2012,29.52,
04/20/2012,30.25,
04/19/2012,30.3,
04/18/2012,30.45,
04/17/2012,30.52,
04/16/2012,30.21,
04/13/2012,30.79,
04/12/2012,30.25,
04/11/2012,29.34,
04/10/2012,29.18,
04/09/2012,29.88,
04/05/2012,30.25,
04/04/2012,29.75,
04/03/2012,30.09,
04/02/2012,29.75,
03/30/2012,29.5,
03/29/2012,29.75,
03/28/2012,29.84,
03/27/2012,29.95,
03/26/2012,30.02,
03/23/2012,29.7,
03/22/2012,29.32,
03/21/2012,29.19,
03/20/2012,29.13,
03/19/2012,29.71,
03/16/2012,29.17,
03/15/2012,29.25,
03/14/2012,29.19,
03/13/2012,29.32,
03/12/2012,29.13,
03/09/2012,29.29,
03/08/2012,29.49,
03/07/2012,28.91,
03/06/2012,28.71,
03/05/2012,29.06,
03/02/2012,29.04,
03/01/2012,29.3,
02/29/2012,29.09,
02/28/2012,29.74,
02/27/2012,29.21,
02/24/2012,29.39,
02/23/2012,29.12,
02/22/2012,29.09,
02/21/2012,28.55,
02/17/2012,28.75,
02/16/2012,28.45,
02/15/2012,28.77,
02/14/2012,28.81,
02/13/2012,28.18,
02/10/2012,28.48,
02/09/2012,28.11,
02/08/2012,27.09,
02/07/2012,26.75,
02/06/2012,26.84,
02/03/2012,26.76,
02/02/2012,26.52,
02/01/2012,25.63,
01/31/2012,25.16,
01/30/2012,24.97,
01/27/2012,25.26,
01/26/2012,25.21,
01/25/2012,25.14,
01/24/2012,25.25,
01/23/2012,24.9,
01/20/2012,25.14,
01/19/2012,25.59,
01/18/2012,25.95,
01/17/2012,25.63,
01/13/2012,25.18,
01/12/2012,25.34,
01/11/2012,24.78,
01/10/2012,24.95,
01/09/2012,24.98,
01/06/2012,25.18,
01/05/2012,25.48,
01/04/2012,25.29,
01/03/2012,25.75,
12/30/2011,25.38,
12/29/2011,25.79,
12/28/2011,25.18,
12/27/2011,25.48,
12/23/2011,25.62,
12/22/2011,25.14,
12/21/2011,25.18,
12/20/2011,25.34,
12/19/2011,24.64,
12/16/2011,24.36,
12/15/2011,23.95,
12/14/2011,24.09,
12/13/2011,23.98,
12/12/2011,24.23,
12/09/2011,24.3,
12/08/2011,23.95,
12/07/2011,24.27,
12/06/2011,23.84,
12/05/2011,24.02,
12/02/2011,24.3,
12/01/2011,24.44,
11/30/2011,24.24,
11/29/2011,23.23,
11/28/2011,23.37,
11/25/2011,22.25,
11/23/2011,22.32,
11/22/2011,22.71,
11/21/2011,22.8,
11/18/2011,22.7,
11/17/2011,22.85,
11/16/2011,23.35,
11/15/2011,23.91,
11/14/2011,23.45,
11/11/2011,23.79,
11/10/2011,23.26,
11/09/2011,23.28,
11/08/2011,23.64,
11/07/2011,23.24,
11/04/2011,23.16,
11/03/2011,23.3,
11/02/2011,22.88,
11/01/2011,22.51,
10/31/2011,23.32,
10/28/2011,23.77,
10/27/2011,23.6,
10/26/2011,23,
10/25/2011,22.67,
10/24/2011,23.55,
10/21/2011,23.36,
10/20/2011,22.84,
10/19/2011,22.52,
10/18/2011,23.48,
10/17/2011,22.8,
10/14/2011,23.48,
10/13/2011,23.15,
10/12/2011,22.79,
10/11/2011,22.63,
10/10/2011,22.31,
10/07/2011,21.56,
10/06/2011,21.78,
10/05/2011,21.25,
10/04/2011,21.2,
10/03/2011,21.07,
09/30/2011,21.43,
09/29/2011,21.92,
09/28/2011,21.91,
09/27/2011,22.37,
09/26/2011,22.57,
09/23/2011,22.52,
09/22/2011,22.07,
09/21/2011,22.86,
09/20/2011,23.21,
09/19/2011,22.51,
09/16/2011,22.71,
09/15/2011,22.62,
09/14/2011,22.39,
09/13/2011,21.94,
09/12/2011,21.86,
09/09/2011,21.59,
09/08/2011,21.86,
09/07/2011,22.12,
09/06/2011,21.46,
09/02/2011,21.39,
09/01/2011,21.93,
08/31/2011,21.97,
08/30/2011,21.98,
08/29/2011,21.64,
08/26/2011,21.46,
08/25/2011,21.03,
08/24/2011,21.59,
08/23/2011,20.94,
08/22/2011,19.95,
08/19/2011,19.9,
08/18/2011,20.07,
08/17/2011,21,
08/16/2011,21.46,
08/15/2011,21.47,
08/12/2011,20.96,
08/11/2011,21.13,
08/10/2011,19.82,
08/09/2011,20.69,
08/08/2011,19.81,
08/05/2011,20.85,
08/04/2011,21.25,
08/03/2011,21.87,
08/02/2011,20.89,
08/01/2011,21.42,
07/29/2011,21.39,
07/28/2011,21.73,
07/27/2011,21.94,
07/26/2011,22.3,
07/25/2011,22.27,
07/22/2011,22.38,
07/21/2011,22.01,
07/20/2011,22.16,
07/19/2011,22.3,
07/18/2011,22.02,
07/15/2011,22.19,
07/14/2011,21.98,
07/13/2011,22.18,
07/12/2011,21.93,
07/11/2011,21.98,
07/08/2011,22.43,
07/07/2011,22.54,
07/06/2011,22.05,
07/05/2011,22.08,
07/01/2011,21.99,
06/30/2011,21.07,
06/29/2011,21.64,
06/28/2011,18.82,
06/27/2011,18.47,
06/24/2011,18.34,
06/23/2011,18.83,
06/22/2011,18.66,
06/21/2011,18.75,
06/20/2011,18.51,
06/17/2011,18.61,
06/16/2011,18.72,
06/15/2011,18.71,
06/14/2011,18.98,
06/13/2011,18.71,
06/10/2011,18.67,
06/09/2011,19.11,
06/08/2011,19.18,
06/07/2011,19.95,
06/06/2011,19.55,
06/03/2011,19.78,
06/02/2011,20.18,
06/01/2011,19.8,
05/31/2011,20.27,
05/27/2011,19.95,
05/26/2011,19.82,
05/25/2011,19.69,
05/24/2011,19.4,
05/23/2011,19.23,
05/20/2011,19.56,
05/19/2011,19.91,
05/18/2011,20,
05/17/2011,20.15,
05/16/2011,19.98,
05/13/2011,19.98,
05/12/2011,19.98,
05/11/2011,19.84,
05/10/2011,20.09,
05/09/2011,19.96,
05/06/2011,19.85,
05/05/2011,19.68,
05/04/2011,19.94,
05/03/2011,20,
05/02/2011,19.79,
04/29/2011,19.53,
04/28/2011,19.41,
04/27/2011,19.72,
04/26/2011,19.69,
04/25/2011,19.44,
04/21/2011,19.44,
04/20/2011,19.34,
04/19/2011,18.98,
04/18/2011,18.92,
04/15/2011,19.12,
04/14/2011,19.08,
04/13/2011,19.38,
04/12/2011,19.26,
04/11/2011,19.43,
04/08/2011,19.18,
04/07/2011,19.1,
04/06/2011,19,
04/05/2011,18.91,
04/04/2011,18.81,
04/01/2011,18.55,
03/31/2011,18.41,
03/30/2011,18.56,
03/29/2011,18.05,
03/28/2011,18.19,
03/25/2011,18.02,
03/24/2011,18.16,
03/23/2011,18,
03/22/2011,17.9,
03/21/2011,17.99,
03/18/2011,17.86,
03/17/2011,17.86,
03/16/2011,17.74,
03/15/2011,17.8,
03/14/2011,17.96,
03/11/2011,18.13,
03/10/2011,17.85,
03/09/2011,18.43,
03/08/2011,18.54,
03/07/2011,18.54,
03/04/2011,18.67,
03/03/2011,18.96,
03/02/2011,18.49,
03/01/2011,18.18,
02/28/2011,18.26,
02/25/2011,18.67,
02/24/2011,18.48,
02/23/2011,18.22,
02/22/2011,18.43,
02/18/2011,18.96,
02/17/2011,19.04,
02/16/2011,18.99,
02/15/2011,18.9,
02/14/2011,18.93,
02/11/2011,18.73,
02/10/2011,18.68,
02/09/2011,18.32,
02/08/2011,18.64,
02/07/2011,18.48,
02/04/2011,18.23,
02/03/2011,17.91,
02/02/2011,18.02,
02/01/2011,17.68,
01/31/2011,17.46,
01/28/2011,17.36,
01/27/2011,17.65,
01/26/2011,17.75,
01/25/2011,17.89,
01/24/2011,17.95,
01/21/2011,17.54,
01/20/2011,17.67,
01/19/2011,17.28,
01/18/2011,17.8,
01/14/2011,17.78,
01/13/2011,17.79,
01/12/2011,18.15,
01/11/2011,17.97,
01/10/2011,17.95,
01/07/2011,18.24,
01/06/2011,18.29,
01/05/2011,18.02,
01/04/2011,17.65,
01/03/2011,17.63,
12/31/2010,17.59,
12/30/2010,17.57,
12/29/2010,17.65,
12/28/2010,17.68,
12/27/2010,17.7,
12/23/2010,17.18,
12/22/2010,17.14,
12/21/2010,17.01,
12/20/2010,17,
12/17/2010,16.73,
12/16/2010,16.8,
12/15/2010,19.23,
12/14/2010,20.16,
12/13/2010,20.22,
12/10/2010,20.05,
12/09/2010,19.78,
12/08/2010,19.48,
12/07/2010,19.22,
12/06/2010,19.58,
12/03/2010,19.34,
12/02/2010,19.25,
12/01/2010,18.8,
11/30/2010,18.46,
11/29/2010,18.55,
11/26/2010,18.87,
11/24/2010,18.95,
11/23/2010,18.66,
11/22/2010,18.86,
11/19/2010,19.26,
11/18/2010,19.23,
11/17/2010,18.93,
11/16/2010,18.75,
11/15/2010,19.09,
11/12/2010,19.23,
11/11/2010,19.8,
11/10/2010,19.82,
11/09/2010,19.58,
11/08/2010,19.68,
11/05/2010,19.95,
11/04/2010,20,
11/03/2010,19.75,
11/02/2010,19.61,
11/01/2010,19.33,
